cntr_id,nuts_id,nuts_name,pop_2003,pop_obj1,pop_obj1_ph,pop_obj1_spec_pgm,pop_obj2,pop_obj2_ph,pop_obj2_ph_partly
BE,BE100,Arr. de Bruxelles-Capitale / Arr. van Brussel-Hoofdstad,995.765,0,0,0,153.305,0,0
BE,BE211,Arr. Antwerpen,942.607,0,0,0,64.477,0,0
BE,BE212,Arr. Mechelen,309.201,0,0,0,0,0,0
BE,BE213,Arr. Turnhout,412.815,0,0,0,60.963,196.666,0
BE,BE221,Arr. Hasselt,389.261,0,0,0,89.081,140.599,127.813
BE,BE222,Arr. Maaseik,223.302,0,0,0,44.754,12.898,35.668
BE,BE223,Arr. Tongeren,191.43,0,0,0,126.044,0,8.983
BE,BE231,Arr. Aalst,262.69,0,0,0,0,0,0
BE,BE232,Arr. Dendermonde,187.122,0,0,0,0,0,0
BE,BE233,Arr. Eeklo,79.403,0,0,0,0,67.242,0
BE,BE234,Arr. Gent,501.54,0,0,0,33.92,0,0
BE,BE235,Arr. Oudenaarde,114.681,0,0,0,0,0,0
BE,BE236,Arr. Sint-Niklaas,226.211,0,0,0,0,0,0
BE,BE241,Arr. Halle-Vilvoorde,567.158,0,0,0,0,0,0
BE,BE242,Arr. Leuven,462.502,0,0,0,0,0,0
BE,BE251,Arr. Brugge,272.59,0,0,0,24.216,0,0
BE,BE252,Arr. Diksmuide,48.063,0,0,0,0,27.672,0
BE,BE253,Arr. Ieper,104.078,0,0,0,0,73.199,0
BE,BE254,Arr. Kortrijk,277.221,0,0,0,0,0,0
BE,BE255,Arr. Oostende,145.272,0,0,0,38.581,20.057,11.404
BE,BE256,Arr. Roeselare,141.23,0,0,0,0,0,0
BE,BE257,Arr. Tielt,88.243,0,0,0,0,0,0
BE,BE258,Arr. Veurne,57.937,0,0,0,23.169,12.163,1.571
BE,BE310,Arr. Nivelles,359.291,0,0,0,0,0,0
BE,BE321,Arr. Ath,80.209,0,80.209,0,0,0,0
BE,BE322,Arr. Charleroi,420.505,0,420.505,0,0,0,0
BE,BE323,Arr. Mons,248.892,0,248.892,0,0,0,0
BE,BE324,Arr. Mouscron,69.683,0,69.683,0,0,0,0
BE,BE325,Arr. Soignies,175.847,0,175.847,0,0,0,0
BE,BE326,Arr. Thuin,146.182,0,146.182,0,0,0,0
BE,BE327,Arr. Tournai,140.875,0,140.875,0,0,0,0
BE,BE331,Arr. Huy,102.401,0,0,0,20.403,4.399,17.685
BE,BE332,Arr. Liège,586.118,0,0,0,383.721,194.58,7.212
BE,BE333,Arr. Verviers,268.88,0,0,0,69.157,9.518,0
BE,BE334,Arr. Waremme,70.114,0,0,0,0,7.181,0
BE,BE341,Arr. Arlon,53.429,0,0,0,0,15.276,0
BE,BE342,Arr. Bastogne,41.993,0,0,0,0,41.993,0
BE,BE343,Arr. Marche-en-Famenne,51.731,0,0,0,0,51.731,0
BE,BE344,Arr. Neufchâteau,56.497,0,0,0,0,56.497,0
BE,BE345,Arr. Virton,49.505,0,0,0,0,0,0
BE,BE351,Arr. Dinant,101.479,0,0,0,101.479,0,0
BE,BE352,Arr. Namur,287.736,0,0,0,0,0,0
BE,BE353,Arr. Philippeville,62.318,0,0,0,62.318,0,0
CZ,CZ010,Hlavní mesto Praha,1163.109,0,0,0,356.463,0,0
CZ,CZ020,Stredoceský,1131.601,1131.601,0,0,0,0,0
CZ,CZ031,Jihocecký,624.969,624.969,0,0,0,0,0
CZ,CZ032,Plzenský,549.436,549.436,0,0,0,0,0
CZ,CZ041,Karlovarský,304.065,304.065,0,0,0,0,0
CZ,CZ042,Ústecký,819.831,819.831,0,0,0,0,0
CZ,CZ051,Liberecký,427.283,427.283,0,0,0,0,0
CZ,CZ052,Královehradecký,547.693,547.693,0,0,0,0,0
CZ,CZ053,Pardubický,505.727,505.727,0,0,0,0,0
CZ,CZ061,Vysocina,517.281,517.281,0,0,0,0,0
CZ,CZ062,Jihomoravský,1121.553,1121.553,0,0,0,0,0
CZ,CZ071,Olomoucký,636.176,636.176,0,0,0,0,0
CZ,CZ072,Zlínský,592.166,592.166,0,0,0,0,0
CZ,CZ080,Moravskoslezský,1260.763,1260.763,0,0,0,0,0
DK,DK001,København og Frederiksberg kommuner,592.99,0,0,0,0,0,0
DK,DK002,Københavns amt,618.146,0,0,0,0,0,0
DK,DK003,Frederiksborg amt,372.942,0,0,0,0,0,0
DK,DK004,Roskilde amt,236.595,0,0,0,0,0,0
DK,DK005,Vestsjællands amt,301.572,0,0,0,1.943,0,0
DK,DK006,Storstrøms amt,261.508,0,0,0,127.956,0,0
DK,DK007,Bornholms amt,43.912,0,0,0,43.191,0,0
DK,DK008,Fyns amt,474.226,0,0,0,96.018,0,0
DK,DK009,Sønderjyllands amt,252.948,0,0,0,0.216,57.79,0
DK,DK00A,Ribe amt,224.402,0,0,0,0.075,0,0
DK,DK00B,Vejle amt,354.45,0,0,0,0.297,0,0
DK,DK00C,Ringkøbing amt,274.908,0,0,0,3.981,36.705,0
DK,DK00D,Århus amt,651.256,0,0,0,4.708,8.248,0
DK,DK00E,Viborg amt,234.553,0,0,0,49.562,57.741,0
DK,DK00F,Nordjyllands amt,495.594,0,0,0,213.695,85.619,161.969
DE,DE111,"Stuttgart, Stadtkreis",588.718,0,0,0,0,0,0
DE,DE112,Böblingen,370.944,0,0,0,0,0,0
DE,DE113,Esslingen,510.442,0,0,0,0,0,0
DE,DE114,Göppingen,258.554,0,0,0,0,0,0
DE,DE115,Ludwigsburg,508.275,0,0,0,0,0,0
DE,DE116,Rems-Murr-Kreis,416.129,0,0,0,0,0,0
DE,DE117,"Heilbronn, Stadtkreis",120.673,0,0,0,0,0,0
DE,DE118,"Heilbronn, Landkreis",326.829,0,0,0,0,0,0
DE,DE119,Hohenlohekreis,109.618,0,0,0,0,87.635,21.983
DE,DE11A,Schwäbisch Hall,188.364,0,0,0,0,120.226,68.138
DE,DE11B,Main-Tauber-Kreis,137.355,0,0,0,0,0,0
DE,DE11C,Heidenheim,136.624,0,0,0,0,0,0
DE,DE11D,Ostalbkreis,316.6,0,0,0,75.635,0,0
DE,DE121,"Baden-Baden, Stadtkreis",53.782,0,0,0,0,0,0
DE,DE122,"Karlsruhe, Stadtkreis",281.917,0,0,0,0,0,0
DE,DE123,"Karlsruhe, Landkreis",426.386,0,0,0,0,0,0
DE,DE124,Rastatt,226.244,0,0,0,0,0,0
DE,DE125,"Heidelberg, Stadtkreis",142.742,0,0,0,0,0,0
DE,DE126,"Mannheim, Stadtkreis",308.503,0,0,0,47.328,0,0
DE,DE127,Neckar-Odenwald-Kreis,150.91,0,0,0,69.392,0,0
DE,DE128,Rhein-Neckar-Kreis,531.038,0,0,0,0,0,0
DE,DE129,"Pforzheim, Stadtkreis",118.896,0,0,0,0,0,0
DE,DE12A,Calw,161.359,0,0,0,0,0,0
DE,DE12B,Enzkreis,195.075,0,0,0,0,0,0
DE,DE12C,Freudenstadt,122.301,0,0,0,0,0,0
DE,DE131,"Freiburg im Breisgau, Stadtkreis",211.329,0,0,0,0,0,0
DE,DE132,Breisgau-Hochschwarzwald,246.13,0,0,0,0,39.542,0
DE,DE133,Emmendingen,154.806,0,0,0,0,0,0
DE,DE134,Ortenaukreis,413.579,0,0,0,0,0,0
DE,DE135,Rottweil,142.288,0,0,0,0,0,0
DE,DE136,Schwarzwald-Baar-Kreis,211.829,0,0,0,0,0,0
DE,DE137,Tuttlingen,134.488,0,0,0,0,0,0
DE,DE138,Konstanz,272.123,0,0,0,0,0,0
DE,DE139,Lörrach,220.773,0,0,0,0,56.947,0
DE,DE13A,Waldshut,166.932,0,0,0,0,115.126,51.806
DE,DE141,Reutlingen,281.104,0,0,0,0,0,0
DE,DE142,"Tübingen, Landkreis",213.642,0,0,0,0,0,0
DE,DE143,Zollernalbkreis,193.509,0,0,0,60.065,0,0
DE,DE144,"Ulm, Stadtkreis",119.46,0,0,0,0,0,0
DE,DE145,Alb-Donau-Kreis,188.592,0,0,0,0,14.62,0
DE,DE146,Biberach,186.527,0,0,0,0,39.993,0
DE,DE147,Bodenseekreis,202.951,0,0,0,0,0,0
DE,DE148,Ravensburg,272.93,0,0,0,0,0,0
DE,DE149,Sigmaringen,133.848,0,0,0,0,86.609,47.239
DE,DE211,"Ingolstadt, Kreisfreie Stadt",118.952,0,0,0,0,0,0
DE,DE212,"München, Kreisfreie Stadt",1241.07,0,0,0,0,0,0
DE,DE213,"Rosenheim, Kreisfreie Stadt",59.894,0,0,0,0,0,0
DE,DE214,Altötting,109.582,0,0,0,0,0,0
DE,DE215,Berchtesgadener Land,101.504,0,0,0,0,0,0
DE,DE216,Bad Tölz-Wolfratshausen,118.422,0,0,0,0,0,0
DE,DE217,Dachau,132.606,0,0,0,0,0,0
DE,DE218,Ebersberg,121.853,0,0,0,0,0,0
DE,DE219,Eichstätt,122.698,0,0,0,0,111.018,11.68
DE,DE21A,Erding,119.871,0,0,0,0,0,0
DE,DE21B,Freising,157.624,0,0,0,0,0,0
DE,DE21C,Fürstenfeldbruck,197.66,0,0,0,0,0,0
DE,DE21D,Garmisch-Partenkirchen,87.56,0,0,0,0,0,0
DE,DE21E,Landsberg a. Lech,109.645,0,0,0,0,84.078,25.567
DE,DE21F,Miesbach,93.503,0,0,0,0,0,0
DE,DE21G,Mühldorf a. Inn,110.686,0,0,0,0,85.895,24.791
DE,DE21H,"München, Landkreis",303.125,0,0,0,0,0,0
DE,DE21I,Neuburg-Schrobenhausen,90.931,0,0,0,0,62.915,28.016
DE,DE21J,Pfaffenhofen a. d. Ilm,114.165,0,0,0,0,0,0
DE,DE21K,"Rosenheim, Landkreis",243.18,0,0,0,0,0,0
DE,DE21L,Starnberg,127.579,0,0,0,0,0,0
DE,DE21M,Traunstein,169.903,0,0,0,0,0,0
DE,DE21N,Weilheim-Schongau,129.938,0,0,0,0,0,0
DE,DE221,"Landshut, Kreisfreie Stadt",60.169,0,0,0,0,0,0
DE,DE222,"Passau, Kreisfreie Stadt",50.738,0,0,0,0,50.738,0
DE,DE223,"Straubing, Kreisfreie Stadt",44.411,0,0,0,0,0,0
DE,DE224,Deggendorf,116.935,0,0,0,0,85.655,31.28
DE,DE225,Freyung-Grafenau,82.403,0,0,0,82.403,0,0
DE,DE226,Kelheim,112.43,0,0,0,0,30.645,0
DE,DE227,"Landshut, Landkreis",146.35,0,0,0,0,0,0
DE,DE228,"Passau, Landkreis",188.28,0,0,0,0,0,0
DE,DE229,Regen,82.345,0,0,0,82.345,0,0
DE,DE22A,Rottal-Inn,119.552,0,0,0,0,119.552,0
DE,DE22B,Straubing-Bogen,97.177,0,0,0,0,70.088,0
DE,DE22C,Dingolfing-Landau,91.984,0,0,0,0,0,0
DE,DE231,"Amberg, Kreisfreie Stadt",44.512,0,0,0,0,0,0
DE,DE232,"Regensburg, Kreisfreie Stadt",128.295,0,0,0,0,0,0
DE,DE233,"Weiden i. d. OPf.,Kreisfreie Stadt",42.746,0,0,0,0,0,0
DE,DE234,Amberg-Sulzbach,108.946,0,0,0,0,108.946,0
DE,DE235,Cham,131.533,0,0,0,116.136,15.397,0
DE,DE236,Neumarkt i. d. OPf.,128.304,0,0,0,0,89.141,39.163
DE,DE237,Neustadt a. d. Waldnaab,101.172,0,0,0,40.794,59.894,0
DE,DE238,"Regensburg, Landkreis",179.841,0,0,0,0,120.002,0
DE,DE239,Schwandorf,144.741,0,0,0,17.004,127.737,0
DE,DE23A,Tirschenreuth,79.103,0,0,0,57.04,22.008,0
DE,DE241,"Bamberg, Kreisfreie Stadt",69.801,0,0,0,0,0,0
DE,DE242,"Bayreuth, Kreisfreie Stadt",74.675,0,0,0,0,0,0
DE,DE243,"Coburg, Kreisfreie Stadt",42.436,0,0,0,0,0,0
DE,DE244,"Hof, Kreisfreie Stadt",49.909,0,0,0,49.225,0,0
DE,DE245,"Bamberg, Landkreis",144.048,0,0,0,0,144.048,0
DE,DE246,"Bayreuth, Landkreis",109.334,0,0,0,0,109.334,0
DE,DE247,"Coburg, Landkreis",92.113,0,0,0,0,92.113,0
DE,DE248,Forchheim,113.276,0,0,0,0,70.271,0
DE,DE249,"Hof, Landkreis",107.833,0,0,0,107.541,0,0
DE,DE24A,Kronach,74.797,0,0,0,50.839,23.689,0
DE,DE24B,Kulmbach,78.09,0,0,0,0,49.982,28.108
DE,DE24C,Lichtenfels,70.8,0,0,0,0,70.8,0
DE,DE24D,Wunsiedel i. Fichtelgebirge,83.864,0,0,0,83.205,0,0
DE,DE251,"Ansbach, Kreisfreie Stadt",40.616,0,0,0,0,0,0
DE,DE252,"Erlangen, Kreisfreie Stadt",102.306,0,0,0,0,0,0
DE,DE253,"Fürth, Kreisfreie Stadt",111.819,0,0,0,13.422,0,0
DE,DE254,"Nürnberg, Kreisfreie Stadt",493.39,0,0,0,68.91,0,0
DE,DE255,"Schwabach, Kreisfreie Stadt",38.603,0,0,0,0,0,0
DE,DE256,"Ansbach, Landkreis",184.118,0,0,0,0,184.118,0
DE,DE257,Erlangen-Höchstadt,130.536,0,0,0,0,0,0
DE,DE258,"Fürth, Landkreis",114.186,0,0,0,0,0,0
DE,DE259,Nürnberger Land,168.95,0,0,0,0,0,0
DE,DE25A,Neustadt a. d. Aisch-Bad Windsheim,99.676,0,0,0,0,99.676,0
DE,DE25B,Roth,125.479,0,0,0,0,101.445,24.034
DE,DE25C,Weißenburg-Gunzenhausen,95.272,0,0,0,0,77.586,17.686
DE,DE261,"Aschaffenburg, Kreisfreie Stadt",68.633,0,0,0,0,0,0
DE,DE262,"Schweinfurt, Kreisfreie Stadt",54.627,0,0,0,54.379,0,0
DE,DE263,"Würzburg, Kreisfreie Stadt",132.112,0,0,0,0,0,0
DE,DE264,"Aschaffenburg, Landkreis",175.009,0,0,0,0,0,0
DE,DE265,Bad Kissingen,109.135,0,0,0,0,87.651,21.484
DE,DE266,Rhön-Grabfeld,86.803,0,0,0,0,86.803,0
DE,DE267,Haßberge,88.264,0,0,0,0,88.169,0
DE,DE268,Kitzingen,89.402,0,0,0,0,35.507,0
DE,DE269,Miltenberg,131.535,0,0,0,0,0,0
DE,DE26A,Main-Spessart,132.219,0,0,0,0,132.219,0
DE,DE26B,"Schweinfurt, Landkreis",116.741,0,0,0,0,116.741,0
DE,DE26C,"Würzburg, Landkreis",159.814,0,0,0,0,0,0
DE,DE271,"Augsburg, Kreisfreie Stadt",259.179,0,0,0,0,0,0
DE,DE272,"Kaufbeuren, Kreisfreie Stadt",42.616,0,0,0,0,0,0
DE,DE273,"Kempten (Allgäu), Kreisfreie Stadt",61.546,0,0,0,0,0,0
DE,DE274,"Memmingen, Kreisfreie Stadt",41.126,0,0,0,0,0,0
DE,DE275,Aichach-Friedberg,126.101,0,0,0,0,74.86,51.241
DE,DE276,"Augsburg, Landkreis",240.386,0,0,0,0,0,0
DE,DE277,Dillingen a.d. Donau,95.195,0,0,0,0,0,0
DE,DE278,Günzburg,122.737,0,0,0,0,0,0
DE,DE279,Neu-Ulm,162.62,0,0,0,0,0,0
DE,DE27A,Lindau (Bodensee),78.429,0,0,0,0,0,0
DE,DE27B,Ostallgäu,133.466,0,0,0,0,0,0
DE,DE27C,Unterallgäu,135.529,0,0,0,0,0,0
DE,DE27D,Donau-Ries,131.005,0,0,0,0,65.975,20.077
DE,DE27E,Oberallgäu,149.188,0,0,0,0,127.682,21.506
DE,DE300,Berlin,3389.869,0,0,0,1080.004,0,1013.269
DE,DE411,"Frankfurt (Oder), Kreisfreie Stadt",67.671,67.671,0,0,0,0,0
DE,DE412,Barnim,173.137,173.137,0,0,0,0,0
DE,DE413,Märkisch-Oderland,191.171,191.171,0,0,0,0,0
DE,DE414,Oberhavel,196.193,196.193,0,0,0,0,0
DE,DE415,Oder-Spree,193.583,193.583,0,0,0,0,0
DE,DE416,Ostprignitz-Ruppin,110.514,110.514,0,0,0,0,0
DE,DE417,Prignitz,91.914,91.914,0,0,0,0,0
DE,DE418,Uckermark,144.538,144.538,0,0,0,0,0
DE,DE421,"Brandenburg an der Havel, Kreisfreie Stadt",75.368,75.368,0,0,0,0,0
DE,DE422,"Cottbus, Kreisfreie Stadt",105.68,105.68,0,0,0,0,0
DE,DE423,"Potsdam, Kreisfreie Stadt",138.173,138.173,0,0,0,0,0
DE,DE424,Dahme-Spreewald,160.021,160.021,0,0,0,0,0
DE,DE425,Elbe-Elster,126.321,126.321,0,0,0,0,0
DE,DE426,Havelland,152.376,152.376,0,0,0,0,0
DE,DE427,Oberspreewald-Lausitz,137.633,137.633,0,0,0,0,0
DE,DE428,Potsdam-Mittelmark,207.745,207.745,0,0,0,0,0
DE,DE429,Spree-Neiße,145.073,145.073,0,0,0,0,0
DE,DE42A,Teltow-Fläming,160.899,160.899,0,0,0,0,0
DE,DE501,"Bremen, Kreisfreie Stadt",543.827,0,0,0,215.163,0,326.553
DE,DE502,"Bremerhaven, Kreisfreie Stadt",118.674,0,0,0,116.126,0,0
DE,DE600,Hamburg,1731.148,0,0,0,20.272,0,0
DE,DE711,"Darmstadt, Kreisfreie Stadt",139.305,0,0,0,0,0,0
DE,DE712,"Frankfurt am Main, Kreisfreie Stadt",643.468,0,0,0,0,0,0
DE,DE713,"Offenbach am Main, Kreisfreie Stadt",119.201,0,0,0,0,0,0
DE,DE714,"Wiesbaden, Kreisfreie Stadt",271.727,0,0,0,0,0,0
DE,DE715,Bergstraße,265.626,0,0,0,0,0,0
DE,DE716,Darmstadt-Dieburg,289.898,0,0,0,0,0,0
DE,DE717,Groß-Gerau,251.784,0,0,0,0,0,0
DE,DE718,Hochtaunuskreis,226.985,0,0,0,0,0,0
DE,DE719,Main-Kinzig-Kreis,409.468,0,0,0,0,0,0
DE,DE71A,Main-Taunus-Kreis,222.949,0,0,0,0,0,0
DE,DE71B,Odenwaldkreis,100.573,0,0,0,0,0,0
DE,DE71C,"Offenbach, Landkreis",337.32,0,0,0,0,0,0
DE,DE71D,Rheingau-Taunus-Kreis,185.544,0,0,0,0,0,0
DE,DE71E,Wetteraukreis,297.881,0,0,0,0,0,0
DE,DE721,"Gießen, Landkreis",255.685,0,0,0,66.05,0,0
DE,DE722,Lahn-Dill-Kreis,262.495,0,0,0,43.04,0,0
DE,DE723,Limburg-Weilburg,175.813,0,0,0,0,0,0
DE,DE724,Marburg-Biedenkopf,253.811,0,0,0,0,0,0
DE,DE725,Vogelsbergkreis,117.702,0,0,0,0,117.702,0
DE,DE731,"Kassel, Kreisfreie Stadt",194.201,0,0,0,93.87,0,98.55
DE,DE732,Fulda,219.265,0,0,0,0,49.244,0
DE,DE733,Hersfeld-Rotenburg,128.813,0,0,0,111.957,0,16.39
DE,DE734,"Kassel, Landkreis",245.561,0,0,0,56.279,0,24.027
DE,DE735,Schwalm-Eder-Kreis,192.498,0,0,0,98.537,23.342,8.811
DE,DE736,Waldeck-Frankenberg,169.987,0,0,0,32.946,113.186,23.855
DE,DE737,Werra-Meißner-Kreis,111.923,0,0,0,93.932,0,17.209
DE,DE801,"Greifswald, Kreisfreie Stadt",52.923,52.923,0,0,0,0,0
DE,DE802,"Neubrandenburg, Kreisfreie Stadt",69.687,69.687,0,0,0,0,0
DE,DE803,"Rostock, Kreisfreie Stadt",198.247,198.247,0,0,0,0,0
DE,DE804,"Schwerin, Kreisfreie Stadt",98.201,98.201,0,0,0,0,0
DE,DE805,"Stralsund, Kreisfreie Stadt",59.205,59.205,0,0,0,0,0
DE,DE806,"Wismar, Kreisfreie Stadt",45.934,45.934,0,0,0,0,0
DE,DE807,Bad Doberan,119.412,119.412,0,0,0,0,0
DE,DE808,Demmin,90.544,90.544,0,0,0,0,0
DE,DE809,Güstrow,109.177,109.177,0,0,0,0,0
DE,DE80A,Ludwigslust,130.737,130.737,0,0,0,0,0
DE,DE80B,Mecklenburg-Strelitz,85.926,85.926,0,0,0,0,0
DE,DE80C,Müritz,68.963,68.963,0,0,0,0,0
DE,DE80D,Nordvorpommern,115.812,115.812,0,0,0,0,0
DE,DE80E,Nordwestmecklenburg,120.868,120.868,0,0,0,0,0
DE,DE80F,Ostvorpommern,112.219,112.219,0,0,0,0,0
DE,DE80G,Parchim,106.115,106.115,0,0,0,0,0
DE,DE80H,Rügen,73.202,73.202,0,0,0,0,0
DE,DE80I,Uecker-Randow,80.956,80.956,0,0,0,0,0
DE,DE911,"Braunschweig, Kreisfreie Stadt",245.192,0,0,0,22.704,0,0
DE,DE912,"Salzgitter, Kreisfreie Stadt",110.317,0,0,0,71.823,0,36.757
DE,DE913,"Wolfsburg, Kreisfreie Stadt",122.507,0,0,0,30.211,0,0
DE,DE914,Gifhorn,174.25,0,0,0,130.205,0,0
DE,DE915,Göttingen,264.574,0,0,0,244.65,0,0
DE,DE916,Goslar,154.206,0,0,0,135.486,0,0
DE,DE917,Helmstedt,98.919,0,0,0,85.966,1.149,0
DE,DE918,Northeim,148.872,0,0,0,142.047,0,0
DE,DE919,Osterode am Harz,83.672,0,0,0,82.756,0,0
DE,DE91A,Peine,134.072,0,0,0,0,35.809,61.885
DE,DE91B,Wolfenbüttel,127.118,0,0,0,38.417,0,0
DE,DE922,Diepholz,214.338,0,0,0,0,131.182,83.156
DE,DE923,Hameln-Pyrmont,161.537,0,0,0,147.386,0,0
DE,DE925,Hildesheim,292.583,0,0,0,0,0,0
DE,DE926,Holzminden,80.013,0,0,0,63.412,0,0
DE,DE927,Nienburg (Weser),126.078,0,0,0,0,93.481,32.597
DE,DE928,Schaumburg,166.488,0,0,0,0,0,0
DE,DE929,Region Hannover,1126.108,0,0,0,0,0,0
DE,DE931,Celle,182.512,0,0,0,174.003,0,0
DE,DE932,Cuxhaven,206.39,0,0,0,86.352,73.782,46.256
DE,DE933,Harburg,237.754,0,0,0,0,0,0
DE,DE934,Lüchow-Dannenberg,51.686,0,0,0,51.686,0,0
DE,DE935,"Lüneburg, Landkreis",172.334,0,0,0,23.564,0,0
DE,DE936,Osterholz,112.228,0,0,0,0,0,0
DE,DE937,Rotenburg (Wümme),163.935,0,0,0,0,143.637,20.298
DE,DE938,Soltau-Fallingbostel,142.478,0,0,0,0,96.954,45.524
DE,DE939,Stade,194.494,0,0,0,0,0,0
DE,DE93A,Uelzen,97.377,0,0,0,83.467,0,13.91
DE,DE93B,Verden,133.837,0,0,0,0,0,0
DE,DE941,"Delmenhorst, Kreisfreie Stadt",76.022,0,0,0,20.01,0,0
DE,DE942,"Emden, Kreisfreie Stadt",51.389,0,0,0,45.06,0,6.329
DE,DE943,"Oldenburg (Oldenburg), Kreisfreie Stadt",157.862,0,0,0,27.799,0,0
DE,DE944,"Osnabrück, Kreisfreie Stadt",165.011,0,0,0,0,0,0
DE,DE945,"Wilhelmshaven, Kreisfreie Stadt",84.654,0,0,0,57.612,0,25.962
DE,DE946,Ammerland,113.824,0,0,0,0,89.565,24.259
DE,DE947,Aurich,189.283,0,0,0,167.968,0,21.315
DE,DE948,Cloppenburg,152.765,0,0,0,53.669,63.345,35.751
DE,DE949,Emsland,307.157,0,0,0,77.916,109.183,120.059
DE,DE94A,Friesland,101.638,0,0,0,101.638,0,0
DE,DE94B,Grafschaft Bentheim,132.592,0,0,0,0,131.652,0
DE,DE94C,Leer,164.137,0,0,0,164.137,0,0
DE,DE94D,"Oldenburg, Landkreis",124.113,0,0,0,0,94.398,29.715
DE,DE94E,"Osnabrück, Landkreis",357.396,0,0,0,0,0,0
DE,DE94F,Vechta,129.98,0,0,0,0,78.339,51.641
DE,DE94G,Wesermarsch,94.272,0,0,0,68.063,0,0
DE,DE94H,Wittmund,57.62,0,0,0,57.62,0,0
DE,DEA11,"Düsseldorf, Kreisfreie Stadt",572.101,0,0,0,0,0,0
DE,DEA12,"Duisburg, Kreisfreie Stadt",507.493,0,0,0,380.49,0,122.311
DE,DEA13,"Essen, Kreisfreie Stadt",587.389,0,0,0,0,0,583.014
DE,DEA14,"Krefeld, Kreisfreie Stadt",238.833,0,0,0,125.076,0,0
DE,DEA15,"Mönchengladbach, Kreisfreie Stadt",262.703,0,0,0,0,0,0
DE,DEA16,"Mülheim an der Ruhr,Kreisfreie Stadt",171.429,0,0,0,0,0,0
DE,DEA17,"Oberhausen, Kreisfreie Stadt",220.443,0,0,0,130.775,0,88.979
DE,DEA18,"Remscheid, Kreisfreie Stadt",118.008,0,0,0,0,0,0
DE,DEA19,"Solingen, Kreisfreie Stadt",164.614,0,0,0,0,0,0
DE,DEA1A,"Wuppertal, Kreisfreie Stadt",362.768,0,0,0,0,0,0
DE,DEA1B,Kleve,304.836,0,0,0,0,0,0
DE,DEA1C,Mettmann,507.847,0,0,0,0,0,0
DE,DEA1D,Neuss,446.324,0,0,0,0,0,0
DE,DEA1E,Viersen,303.912,0,0,0,0,0,0
DE,DEA1F,Wesel,477.612,0,0,0,254.268,0,81.11
DE,DEA21,"Aachen, Kreisfreie Stadt",252.13,0,0,0,0,0,0
DE,DEA22,"Bonn, Kreisfreie Stadt",309.934,0,0,0,0,0,0
DE,DEA23,"Köln, Kreisfreie Stadt",967.131,0,0,0,0,0,0
DE,DEA24,"Leverkusen, Kreisfreie Stadt",160.878,0,0,0,0,0,0
DE,DEA25,"Aachen, Kreis",309.368,0,0,0,0,35.93,0
DE,DEA26,Düren,272.658,0,0,0,0,51.463,0
DE,DEA27,Erftkreis,461.273,0,0,0,0,0,0
DE,DEA28,Euskirchen,192.072,0,0,0,0,76.16,46.427
DE,DEA29,Heinsberg,255.142,0,0,0,112.54,88.635,0
DE,DEA2A,Oberbergischer Kreis,290.132,0,0,0,0,0,0
DE,DEA2B,Rheinisch-Bergischer Kreis,278.38,0,0,0,0,0,0
DE,DEA2C,Rhein-Sieg-Kreis,591.053,0,0,0,0,0,0
DE,DEA31,"Bottrop, Kreisfreie Stadt",120.52,0,0,0,39.685,0,80.835
DE,DEA32,"Gelsenkirchen, Kreisfreie Stadt",273.639,0,0,0,219.846,0,50.333
DE,DEA33,"Münster, Kreisfreie Stadt",269.216,0,0,0,0,0,0
DE,DEA34,Borken,365.709,0,0,0,0,0,0
DE,DEA35,Coesfeld,219.206,0,0,0,0,0,0
DE,DEA36,Recklinghausen,652.725,0,0,0,469.473,0,147.087
DE,DEA37,Steinfurt,440.98,0,0,0,0,0,0
DE,DEA38,Warendorf,283.245,0,0,0,57.73,0,0
DE,DEA41,"Bielefeld, Kreisfreie Stadt",326.578,0,0,0,0,0,0
DE,DEA42,Gütersloh,350.048,0,0,0,0,0,0
DE,DEA43,Herford,255.508,0,0,0,0,0,0
DE,DEA44,Höxter,155.065,0,0,0,0,78.476,76.589
DE,DEA45,Lippe,364.322,0,0,0,0,0,0
DE,DEA46,Minden-Lübbecke,323.416,0,0,0,0,0,0
DE,DEA47,Paderborn,295.255,0,0,0,0,70.009,0
DE,DEA51,"Bochum, Kreisfreie Stadt",388.009,0,0,0,100.949,0,283.598
DE,DEA52,"Dortmund, Kreisfreie Stadt",590.145,0,0,0,349.896,0,237.254
DE,DEA53,"Hagen, Kreisfreie Stadt",200.54,0,0,0,0,0,198.195
DE,DEA54,"Hamm, Kreisfreie Stadt",184.738,0,0,0,113.252,0,69.863
DE,DEA55,"Herne, Kreisfreie Stadt",173.228,0,0,0,140.114,0,31.726
DE,DEA56,Ennepe-Ruhr-Kreis,347.207,0,0,0,107.397,29.272,52.81
DE,DEA57,Hochsauerlandkreis,280.045,0,0,0,0,0,0
DE,DEA58,Märkischer Kreis,454.894,0,0,0,0,0,0
DE,DEA59,Olpe,142.08,0,0,0,0,0,0
DE,DEA5A,Siegen-Wittgenstein,294.862,0,0,0,0,0,0
DE,DEA5B,Soest,308.834,0,0,0,0,0,0
DE,DEA5C,Unna,428.452,0,0,0,243.283,0,27.571
DE,DEB11,"Koblenz, Kreisfreie Stadt",107.731,0,0,0,0,0,0
DE,DEB12,Ahrweiler,130.814,0,0,0,0,0,0
DE,DEB13,Altenkirchen (Westerwald),137.324,0,0,0,0,0,0
DE,DEB14,Bad Kreuznach,158.191,0,0,0,0,0,0
DE,DEB15,Birkenfeld,89.687,0,0,0,0,55.939,33.748
DE,DEB16,Cochem-Zell,66.019,0,0,0,0,66.019,0
DE,DEB17,Mayen-Koblenz,213.114,0,0,0,0,0,0
DE,DEB18,Neuwied,185.664,0,0,0,0,0,0
DE,DEB19,Rhein-Hunsrück-Kreis,106.038,0,0,0,0,89.323,16.707
DE,DEB1A,Rhein-Lahn-Kreis,129.563,0,0,0,0,0,0
DE,DEB1B,Westerwaldkreis,203.36,0,0,0,0,0,0
DE,DEB21,"Trier, Kreisfreie Stadt",100.19,0,0,0,0,0,0
DE,DEB22,Bernkastel-Wittlich,114.207,0,0,0,0,97.053,17.154
DE,DEB23,Bitburg-Prüm,95.958,0,0,0,0,95.958,0
DE,DEB24,Daun,64.252,0,0,0,0,64.252,0
DE,DEB25,Trier-Saarburg,139.034,0,0,0,0,139.034,0
DE,DEB31,"Frankenthal (Pfalz), Kreisfreie Stadt",47.624,0,0,0,0,0,0
DE,DEB32,"Kaiserslautern, Kreisfreie Stadt",99.265,0,0,0,98.792,0,0
DE,DEB33,"Landau in der Pfalz, Kreisfreie Stadt",41.442,0,0,0,0,0,0
DE,DEB34,"Ludwigshafen am Rhein,",162.608,0,0,0,0,0,0
DE,DEB35,"Mainz, Kreisfreie Stadt",185.786,0,0,0,0,0,0
DE,DEB36,"Neustadt an der Weinstraße,",53.907,0,0,0,0,0,0
DE,DEB37,"Pirmasens, Kreisfreie Stadt",44.161,0,0,0,43.41,0,0
DE,DEB38,"Speyer, Kreisfreie Stadt",50.193,0,0,0,0,0,0
DE,DEB39,"Worms, Kreisfreie Stadt",81.092,0,0,0,0,0,0
DE,DEB3A,"Zweibrücken, Kreisfreie Stadt",35.678,0,0,0,35.564,0,0
DE,DEB3B,Alzey-Worms,126.416,0,0,0,0,0,0
DE,DEB3C,Bad Dürkheim,134.749,0,0,0,0,0,0
DE,DEB3D,Donnersbergkreis,79.065,0,0,0,26.097,45.905,7.063
DE,DEB3E,Germersheim,124.74,0,0,0,0,0,0
DE,DEB3F,"Kaiserslautern, Landkreis",110.068,0,0,0,93.183,0,0
DE,DEB3G,Kusel,77.876,0,0,0,7.089,70.787,0
DE,DEB3H,Südliche Weinstraße,110.381,0,0,0,0,0,0
DE,DEB3I,"Ludwigshafen, Landkreis",148.14,0,0,0,0,0,0
DE,DEB3J,Mainz-Bingen,198.248,0,0,0,0,0,0
DE,DEB3K,Südwestpfalz,104.931,0,0,0,104.931,0,0
DE,DEC01,Stadtverband Saarbrücken,348.146,0,0,0,242.03,0,89.409
DE,DEC02,Merzig-Wadern,106.325,0,0,0,0,23.229,17.25
DE,DEC03,Neunkirchen,145.906,0,0,0,94.984,18.185,16.563
DE,DEC04,Saarlouis,211.754,0,0,0,102.593,40.493,35.205
DE,DEC05,Saarpfalz-Kreis,155.927,0,0,0,54.791,18.719,22.901
DE,DEC06,St. Wendel,94.943,0,0,0,18.948,67.741,8.036
DE,DED11,"Chemnitz, Kreisfreie Stadt",251.227,251.227,0,0,0,0,0
DE,DED12,"Plauen, Kreisfreie Stadt",70.29,70.29,0,0,0,0,0
DE,DED13,"Zwickau, Kreisfreie Stadt",100.352,100.352,0,0,0,0,0
DE,DED14,Annaberg,85.74,85.74,0,0,0,0,0
DE,DED15,Chemnitzer Land,137.632,137.632,0,0,0,0,0
DE,DED16,Freiberg,149.037,149.037,0,0,0,0,0
DE,DED17,Vogtlandkreis,196.997,196.997,0,0,0,0,0
DE,DED18,Mittlerer Erzgebirgskreis,91.967,91.967,0,0,0,0,0
DE,DED19,Mittweida,134.546,134.546,0,0,0,0,0
DE,DED1A,Stollberg,91.704,91.704,0,0,0,0,0
DE,DED1B,Aue-Schwarzenberg,135.245,135.245,0,0,0,0,0
DE,DED1C,Zwickauer Land,131.456,131.456,0,0,0,0,0
DE,DED21,"Dresden, Kreisfreie Stadt",481.847,481.847,0,0,0,0,0
DE,DED22,"Görlitz, Kreisfreie Stadt",58.891,58.891,0,0,0,0,0
DE,DED23,"Hoyerswerda, Kreisfreie Stadt",45.688,45.688,0,0,0,0,0
DE,DED24,Bautzen,153.118,153.118,0,0,0,0,0
DE,DED25,Meißen,150.851,150.851,0,0,0,0,0
DE,DED26,Niederschlesischer Oberlausitzkreis,100.811,100.811,0,0,0,0,0
DE,DED27,Riesa-Großenhain,118.247,118.247,0,0,0,0,0
DE,DED28,Löbau-Zittau,148.913,148.913,0,0,0,0,0
DE,DED29,Sächsische Schweiz,143.145,143.145,0,0,0,0,0
DE,DED2A,Weißeritzkreis,123.761,123.761,0,0,0,0,0
DE,DED2B,Kamenz,153.183,153.183,0,0,0,0,0
DE,DED31,"Leipzig, Kreisfreie Stadt",496.078,496.078,0,0,0,0,0
DE,DED32,Delitzsch,125.377,125.377,0,0,0,0,0
DE,DED33,Döbeln,74.92,74.92,0,0,0,0,0
DE,DED34,Leipziger Land,150.784,150.784,0,0,0,0,0
DE,DED35,Muldentalkreis,133.853,133.853,0,0,0,0,0
DE,DED36,Torgau-Oschatz,98.846,98.846,0,0,0,0,0
DE,DEE11,"Dessau, Kreisfreie Stadt",78.901,78.901,0,0,0,0,0
DE,DEE12,Anhalt-Zerbst,75.333,75.333,0,0,0,0,0
DE,DEE13,Bernburg,67.839,67.839,0,0,0,0,0
DE,DEE14,Bitterfeld,103.681,103.681,0,0,0,0,0
DE,DEE15,Köthen,68.416,68.416,0,0,0,0,0
DE,DEE16,Wittenberg,126.891,126.891,0,0,0,0,0
DE,DEE21,"Halle (Saale), Kreisfreie Stadt",239.696,239.696,0,0,0,0,0
DE,DEE22,Burgenlandkreis,138.443,138.443,0,0,0,0,0
DE,DEE23,Mansfelder Land,104.098,104.098,0,0,0,0,0
DE,DEE24,Merseburg-Querfurt,131.341,131.341,0,0,0,0,0
DE,DEE25,Saalkreis,81.225,81.225,0,0,0,0,0
DE,DEE26,Sangerhausen,65.672,65.672,0,0,0,0,0
DE,DEE27,Weißenfels,76.119,76.119,0,0,0,0,0
DE,DEE31,"Magdeburg, Kreisfreie Stadt",227.814,227.814,0,0,0,0,0
DE,DEE32,Aschersleben-Staßfurt,99.334,99.334,0,0,0,0,0
DE,DEE33,Bördekreis,77.817,77.817,0,0,0,0,0
DE,DEE34,Halberstadt,77.492,77.492,0,0,0,0,0
DE,DEE35,Jerichower Land,98.298,98.298,0,0,0,0,0
DE,DEE36,Ohrekreis,116.845,116.845,0,0,0,0,0
DE,DEE37,Stendal,136.234,136.234,0,0,0,0,0
DE,DEE38,Quedlinburg,76.25,76.25,0,0,0,0,0
DE,DEE39,Schönebeck,74.776,74.776,0,0,0,0,0
DE,DEE3A,Wernigerode,94.159,94.159,0,0,0,0,0
DE,DEE3B,Altmarkkreis Salzwedel,98.824,98.824,0,0,0,0,0
DE,DEF01,"Flensburg, Kreisfreie Stadt",84.987,0,0,0,36.014,0,0
DE,DEF02,"Kiel, Kreisfreie Stadt",233.115,0,0,0,90.478,0,138.464
DE,DEF03,"Lübeck, Kreisfreie Stadt",212.991,0,0,0,74.74,0,0
DE,DEF04,"Neumünster, Kreisfreie Stadt",79.234,0,0,0,0,0,0
DE,DEF05,Dithmarschen,137.414,0,0,0,137.414,0,0
DE,DEF06,Herzogtum Lauenburg,184.318,0,0,0,0,0,0
DE,DEF07,Nordfriesland,165.981,0,0,0,165.981,0,0
DE,DEF08,Ostholstein,204.784,0,0,0,128.223,0,0
DE,DEF09,Pinneberg,296.241,0,0,0,1.696,0,0
DE,DEF0A,Plön,134.68,0,0,0,21.52,0,0
DE,DEF0B,Rendsburg-Eckernförde,272.86,0,0,0,16.773,149.5,56.02
DE,DEF0C,Schleswig-Flensburg,199.384,0,0,0,199.384,0,0
DE,DEF0D,Segeberg,254.854,0,0,0,0,0,0
DE,DEF0E,Steinburg,136.931,0,0,0,0.046,0,0
DE,DEF0F,Stormarn,221.581,0,0,0,0,0,0
DE,DEG01,"Erfurt, Kreisfreie Stadt",200.772,200.772,0,0,0,0,0
DE,DEG02,"Gera, Kreisfreie Stadt",107.206,107.206,0,0,0,0,0
DE,DEG03,"Jena, Kreisfreie Stadt",101.571,101.571,0,0,0,0,0
DE,DEG04,"Suhl, Kreisfreie Stadt",45.041,45.041,0,0,0,0,0
DE,DEG05,"Weimar, Kreisfreie Stadt",64.228,64.228,0,0,0,0,0
DE,DEG06,Eichsfeld,111.958,111.958,0,0,0,0,0
DE,DEG07,Nordhausen,96.107,96.107,0,0,0,0,0
DE,DEG09,Unstrut-Hainich-Kreis,116.677,116.677,0,0,0,0,0
DE,DEG0A,Kyffhäuserkreis,91.333,91.333,0,0,0,0,0
DE,DEG0B,Schmalkalden-Meiningen,140.322,140.322,0,0,0,0,0
DE,DEG0C,Gotha,145.983,145.983,0,0,0,0,0
DE,DEG0D,Sömmerda,79.118,79.118,0,0,0,0,0
DE,DEG0E,Hildburghausen,72.373,72.373,0,0,0,0,0
DE,DEG0F,Ilm-Kreis,119.87,119.87,0,0,0,0,0
DE,DEG0G,Weimarer Land,89.856,89.856,0,0,0,0,0
DE,DEG0H,Sonneberg,66.112,66.112,0,0,0,0,0
DE,DEG0I,Saalfeld-Rudolstadt,128.738,128.738,0,0,0,0,0
DE,DEG0J,Saale-Holzland-Kreis,92.624,92.624,0,0,0,0,0
DE,DEG0K,Saale-Orla-Kreis,95.976,95.976,0,0,0,0,0
DE,DEG0L,Greiz,120.294,120.294,0,0,0,0,0
DE,DEG0M,Altenburger Land,110.077,110.077,0,0,0,0,0
DE,DEG0N,"Eisenach, Kreisfreie Stadt",44.186,44.186,0,0,0,0,0
DE,DEG0P,Wartburgkreis,141.774,141.774,0,0,0,0,0
EE,EE001,Põhja-Eesti,522.773,522.773,0,0,0,0,0
EE,EE004,Lääne-Eesti,164.145,164.145,0,0,0,0,0
EE,EE006,Kesk-Eesti,142.668,142.668,0,0,0,0,0
EE,EE007,Kirde-Eesti,175.812,175.812,0,0,0,0,0
EE,EE008,Lõuna-Eesti,350.604,350.604,0,0,0,0,0
IE,IE011,Border,441.078,441.078,0,0,0,0,0
IE,IE012,Midland,231.855,231.855,0,0,0,0,0
IE,IE013,West,389.077,389.077,0,0,0,0,0
IE,IE021,Dublin,1135.147,0,1135.147,0,0,0,0
IE,IE022,Mid-East,427.621,0,427.621,0,0,0,0
IE,IE023,Mid-West,342.723,0,342.723,0,0,0,0
IE,IE024,South-East (IE),433.46,0,433.46,0,0,0,0
IE,IE025,South-West (IE),590.071,0,590.071,0,0,0,0
EL,GR111,Evros,148.506,148.506,0,0,0,0,0
EL,GR112,Xanthi,104.028,104.028,0,0,0,0,0
EL,GR113,Rodopi,111.071,111.071,0,0,0,0,0
EL,GR114,Drama,101.563,101.563,0,0,0,0,0
EL,GR115,Kavala,140.776,140.776,0,0,0,0,0
EL,GR121,Imathia,143.742,143.742,0,0,0,0,0
EL,GR122,Thessaloniki,1108.609,1108.609,0,0,0,0,0
EL,GR123,Kilkis,87.02,87.02,0,0,0,0,0
EL,GR124,Pella,145.69,145.69,0,0,0,0,0
EL,GR125,Pieria,127.518,127.518,0,0,0,0,0
EL,GR126,Serres,193.091,193.091,0,0,0,0,0
EL,GR127,Chalkidiki,99.947,99.947,0,0,0,0,0
EL,GR131,Grevena,32.152,32.152,0,0,0,0,0
EL,GR132,Kastoria,53.63,53.63,0,0,0,0,0
EL,GR133,Kozani,154.343,154.343,0,0,0,0,0
EL,GR134,Florina,54.526,54.526,0,0,0,0,0
EL,GR141,Karditsa,118.63,118.63,0,0,0,0,0
EL,GR142,Larisa,282.875,282.875,0,0,0,0,0
EL,GR143,Magnisia,204.696,204.696,0,0,0,0,0
EL,GR144,Trikala,131.598,131.598,0,0,0,0,0
EL,GR211,Arta,72.414,72.414,0,0,0,0,0
EL,GR212,Thesprotia,43.221,43.221,0,0,0,0,0
EL,GR213,Ioannina,166.145,166.145,0,0,0,0,0
EL,GR214,Preveza,57.662,57.662,0,0,0,0,0
EL,GR221,Zakynthos,40.106,40.106,0,0,0,0,0
EL,GR222,Kerkyra,116.413,116.413,0,0,0,0,0
EL,GR223,Kefallinia,38.374,38.374,0,0,0,0,0
EL,GR224,Lefkada,22.532,22.532,0,0,0,0,0
EL,GR231,Aitoloakarnania,220.382,220.382,0,0,0,0,0
EL,GR232,Achaia,326.786,326.786,0,0,0,0,0
EL,GR233,Ileia,181.993,181.993,0,0,0,0,0
EL,GR241,Voiotia,125.68,125.68,0,0,0,0,0
EL,GR242,Evvoia,207.553,207.553,0,0,0,0,0
EL,GR243,Evrytania,19.348,19.348,0,0,0,0,0
EL,GR244,Fthiotida,169.066,169.066,0,0,0,0,0
EL,GR245,Fokida,38.414,38.414,0,0,0,0,0
EL,GR251,Argolida,103.001,103.001,0,0,0,0,0
EL,GR252,Arkadia,90.869,90.869,0,0,0,0,0
EL,GR253,Korinthia,145.985,145.985,0,0,0,0,0
EL,GR254,Lakonia,93.692,93.692,0,0,0,0,0
EL,GR255,Messinia,166.708,166.708,0,0,0,0,0
EL,GR300,Attiki,3928.012,3928.012,0,0,0,0,0
EL,GR411,Lesvos,107.861,107.861,0,0,0,0,0
EL,GR412,Samos,43.239,43.239,0,0,0,0,0
EL,GR413,Chios,52.521,52.521,0,0,0,0,0
EL,GR421,Dodekanisos,191.427,191.427,0,0,0,0,0
EL,GR422,Kyklades,110.709,110.709,0,0,0,0,0
EL,GR431,Irakleio,294.247,294.247,0,0,0,0,0
EL,GR432,Lasithi,75.512,75.512,0,0,0,0,0
EL,GR433,Rethymni,79.546,79.546,0,0,0,0,0
EL,GR434,Chania,150.106,150.106,0,0,0,0,0
ES,ES111,A Coruña,1100.816,1100.816,0,0,0,0,0
ES,ES112,Lugo,354.193,354.193,0,0,0,0,0
ES,ES113,Ourense,336.084,336.084,0,0,0,0,0
ES,ES114,Pontevedra,911.955,911.955,0,0,0,0,0
ES,ES120,Asturias,1060.123,1060.123,0,0,0,0,0
ES,ES130,Cantabria,542.364,0,542.364,0,0,0,0
ES,ES211,Álava,290.585,0,0,0,225.829,0,64.468
ES,ES212,Guipúzcoa,677.351,0,0,0,623.012,0,54.339
ES,ES213,Vizcaya,1123.509,0,0,0,1057.415,0,66.094
ES,ES220,Navarra,568.824,0,0,0,300.11,58.397,178.042
ES,ES230,La Rioja,285.23,0,0,0,148.885,0,120.31
ES,ES241,Huesca,209.576,0,0,0,209.576,0,0
ES,ES242,Teruel,137.476,0,0,0,137.476,0,0
ES,ES243,Zaragoza,875.457,0,0,0,668.326,0,206.943
ES,ES300,Madrid,5639.477,0,0,0,1388.538,201.306,3595.796
ES,ES411,Ávila,163.632,163.632,0,0,0,0,0
ES,ES412,Burgos,351.249,351.249,0,0,0,0,0
ES,ES413,León,486.48,486.48,0,0,0,0,0
ES,ES414,Palencia,172.913,172.913,0,0,0,0,0
ES,ES415,Salamanca,345.51,345.51,0,0,0,0,0
ES,ES416,Segovia,149.772,149.772,0,0,0,0,0
ES,ES417,Soria,91.179,91.179,0,0,0,0,0
ES,ES418,Valladolid,502.036,502.036,0,0,0,0,0
ES,ES419,Zamora,197.637,197.637,0,0,0,0,0
ES,ES421,Albacete,370.959,370.959,0,0,0,0,0
ES,ES422,Ciudad Real,484.843,484.843,0,0,0,0,0
ES,ES423,Cuenca,202.39,202.39,0,0,0,0,0
ES,ES424,Guadalajara,186.49,186.49,0,0,0,0,0
ES,ES425,Toledo,562.047,562.047,0,0,0,0,0
ES,ES431,Badajoz,657.178,657.178,0,0,0,0,0
ES,ES432,Cáceres,406.583,406.583,0,0,0,0,0
ES,ES511,Barcelona,4947.057,0,0,0,3078.99,0,1868.067
ES,ES512,Girona,598.973,0,0,0,408.165,0,0
ES,ES513,Lleida,373.719,0,0,0,164.559,0,0
ES,ES514,Tarragona,645.41,0,0,0,644.262,0,0
ES,ES521,Alicante / Alacant,1553.327,1553.327,0,0,0,0,0
ES,ES522,Castellón / Castelló,505.634,505.634,0,0,0,0,0
ES,ES523,Valencia / València,2282.886,2282.886,0,0,0,0,0
ES,ES530,Illes Balears,919.051,0,0,0,339.98,0,105.317
ES,ES611,Almería,556.301,556.301,0,0,0,0,0
ES,ES612,Cádiz,1135.529,1135.529,0,0,0,0,0
ES,ES613,Córdoba,767.681,767.681,0,0,0,0,0
ES,ES614,Granada,839.163,839.163,0,0,0,0,0
ES,ES615,Huelva,468.855,468.855,0,0,0,0,0
ES,ES616,Jaén,647.35,647.35,0,0,0,0,0
ES,ES617,Málaga,1336.856,1336.856,0,0,0,0,0
ES,ES618,Sevilla,1751.068,1751.068,0,0,0,0,0
ES,ES620,Murcia,1249.487,1249.487,0,0,0,0,0
ES,ES630,Ceuta,71.42,71.42,0,0,0,0,0
ES,ES640,Melilla,66.802,66.802,0,0,0,0,0
ES,ES701,Las Palmas,957.135,957.135,0,0,0,0,0
ES,ES702,Santa Cruz de Tenerife,886.99,886.99,0,0,0,0,0
FR,FR101,Paris,2161.201,0,0,0,0,0,0
FR,FR102,Seine-et-Marne,1246.801,0,0,0,0,0,0
FR,FR103,Yvelines,1382.801,0,0,0,0,0,0
FR,FR104,Essonne,1165.501,0,0,0,0,0,0
FR,FR105,Hauts-de-Seine,1484.701,0,0,0,67.324,0,0
FR,FR106,Seine-Saint-Denis,1409.201,0,0,0,320.719,0,0
FR,FR107,Val-de-Marne,1252.201,0,0,0,0,0,0
FR,FR108,Val-d'Oise,1132.301,0,0,0,92.944,0,0
FR,FR211,Ardennes,287.3,0,0,0,247.032,30.283,0
FR,FR212,Aube,292.7,0,0,0,197.073,60.401,0
FR,FR213,Marne,561.9,0,0,0,52.692,18.67,0
FR,FR214,Haute-Marne,189.3,0,0,0,145.103,44.197,0
FR,FR221,Aisne,536.2,0,0,0,408.458,60.11,0
FR,FR222,Oise,779.1,0,0,0,39.16,0,0
FR,FR223,Somme,558.9,0,0,0,330.873,129.511,91.943
FR,FR231,Eure,555.9,0,0,0,161.277,123.58,0
FR,FR232,Seine-Maritime,1246.101,0,0,0,773.4,258.875,6.705
FR,FR241,Cher,313.1,0,0,0,269.692,21.542,0
FR,FR242,Eure-et-Loir,413.8,0,0,0,22.153,40.432,0
FR,FR243,Indre,231.4,0,0,0,203.209,28.191,0
FR,FR244,Indre-et-Loire,566,0,0,0,92.57,14.072,0
FR,FR245,Loir-et-Cher,319.9,0,0,0,43.754,15.72,0
FR,FR246,Loiret,632.1,0,0,0,0,0,0
FR,FR251,Calvados,662.3,0,0,0,301.223,150.407,89.723
FR,FR252,Manche,486.1,0,0,0,272.403,208.244,0
FR,FR253,Orne,292.6,0,0,0,201.562,27.435,0
FR,FR261,Côte-d'Or,511.6,0,0,0,71.159,42.371,0
FR,FR262,Nièvre,221.7,0,0,0,210.741,6.943,4.016
FR,FR263,Saône-et-Loire,545.6,0,0,0,360.938,83.877,40.823
FR,FR264,Yonne,336.6,0,0,0,72.099,33.663,0
FR,FR301,Nord,2574.401,0,855.988,0,831.086,350.153,319.606
FR,FR302,Pas-de-Calais,1448.201,0,0,0,1007.496,108.56,0
FR,FR411,Meurthe-et-Moselle,720.9,0,0,0,193.319,27.36,0
FR,FR412,Meuse,192.5,0,0,0,166.964,25.536,0
FR,FR413,Moselle,1031.001,0,0,0,538.732,227.648,0
FR,FR414,Vosges,382.1,0,0,0,277.008,105.092,0
FR,FR421,Bas-Rhin,1059.901,0,0,0,105.15,42.097,0
FR,FR422,Haut-Rhin,728.1,0,0,0,172.516,98.777,69.38
FR,FR431,Doubs,505.5,0,0,0,182.55,112.683,0
FR,FR432,Jura,253,0,0,0,94.776,58.005,0
FR,FR433,Haute-Saône,232.6,0,0,0,152.099,80.365,0
FR,FR434,Territoire de Belfort,139.2,0,0,0,121.938,13.623,0
FR,FR511,Loire-Atlantique,1182.301,0,0,0,309.07,130.818,345.427
FR,FR512,Maine-et-Loire,748.6,0,0,0,327.196,155.748,146.625
FR,FR513,Mayenne,292.1,0,0,0,119.985,65.26,0
FR,FR514,Sarthe,539.5,0,0,0,281.832,108.288,122.303
FR,FR515,Vendée,570.9,0,0,0,128.537,81.79,0
FR,FR521,Côtes-d'Armor,557.3,0,0,0,347.263,193.955,16.082
FR,FR522,Finistère,868.6,0,0,0,477.483,245.446,26.624
FR,FR523,Ille-et-Vilaine,901.2,0,0,0,80.678,85.308,0
FR,FR524,Morbihan,671.6,0,0,0,317.941,133.868,0
FR,FR531,Charente,343,0,0,0,226.559,102.004,0
FR,FR532,Charente-Maritime,582.7,0,0,0,356.347,84.004,0
FR,FR533,Deux-Sèvres,350.2,0,0,0,116.025,130.922,0
FR,FR534,Vienne,405.5,0,0,0,126.43,49.75,0
FR,FR611,Dordogne,397.5,0,0,0,236.727,85.197,0
FR,FR612,Gironde,1353.801,0,0,0,415.105,111.778,279.126
FR,FR613,Landes,345.5,0,0,0,151.533,59.486,0
FR,FR614,Lot-et-Garonne,314.3,0,0,0,224.307,19.071,23.286
FR,FR615,Pyrénées-Atlantiques,623.7,0,0,0,399.047,104.599,102.562
FR,FR621,Ariège,141.1,0,0,0,114.765,16.284,10.038
FR,FR622,Aveyron,270.1,0,0,0,223.422,13.011,33.667
FR,FR623,Haute-Garonne,1120.701,0,0,0,136.168,47.202,5.397
FR,FR624,Gers,176.7,0,0,0,143.299,14.436,18.965
FR,FR625,Lot,165.9,0,0,0,136.972,5.367,22.037
FR,FR626,Hautes-Pyrénées,226.4,0,0,0,182.096,11.959,32.345
FR,FR627,Tarn,354.3,0,0,0,265.82,32.945,37.581
FR,FR628,Tarn-et-Garonne,216.8,0,0,0,111.121,13.488,16.576
FR,FR631,Corrèze,233.8,0,0,0,155.822,30.962,0
FR,FR632,Creuse,122.9,0,0,0,122.9,0,0
FR,FR633,Haute-Vienne,355.4,0,0,0,152.144,74.114,0
FR,FR711,Ain,543.5,0,0,0,29.342,80.192,0
FR,FR712,Ardèche,296.8,0,0,0,188.081,102.769,0
FR,FR713,Drôme,455.5,0,0,0,179.81,119.847,49.573
FR,FR714,Isère,1138.501,0,0,0,61.602,33.81,0
FR,FR715,Loire,730.6,0,0,0,510.468,164.122,43.609
FR,FR716,Rhône,1638.301,0,0,0,180.038,45.142,0
FR,FR717,Savoie,389.8,0,0,0,75.591,23.431,0
FR,FR718,Haute-Savoie,671.3,0,0,0,12.596,5.515,0
FR,FR721,Allier,344.5,0,0,0,245.447,34.409,45.359
FR,FR722,Cantal,149.1,0,0,0,128.632,9.401,11.066
FR,FR723,Haute-Loire,215.8,0,0,0,153.607,41.974,19.718
FR,FR724,Puy-de-Dôme,615.2,0,0,0,350.768,115.296,106.587
FR,FR811,Aude,326.7,0,0,0,125.024,21.758,3.668
FR,FR812,Gard,659.6,0,0,0,330.758,154.413,95.387
FR,FR813,Hérault,962.9,0,0,0,262.491,108.873,22.66
FR,FR814,Lozère,75.2,0,0,0,69.518,0,5.529
FR,FR815,Pyrénées-Orientales,417,0,0,0,100.987,40.117,0
FR,FR821,Alpes-de-Haute-Provence,143.5,0,0,0,119.197,6.835,7.362
FR,FR822,Hautes-Alpes,126.2,0,0,0,93.251,0,24.916
FR,FR823,Alpes-Maritimes,1047.701,0,0,0,26.52,8.552,0
FR,FR824,Bouches-du-Rhône,1874.701,0,0,0,497.391,96.679,722.834
FR,FR825,Var,944.3,0,0,0,173.718,37.951,120.268
FR,FR826,Vaucluse,515.7,0,0,0,47.971,5.88,0
FR,FR831,Corse-du-Sud,123.6,0,123.6,0,0,0,0
FR,FR832,Haute-Corse,147.2,0,147.2,0,0,0,0
FR,FR910,Guadeloupe,440.9,440.9,0,0,0,0,0
FR,FR920,Martinique,391.7,391.7,0,0,0,0,0
FR,FR930,Guyane,181.4,181.4,0,0,0,0,0
FR,FR940,Réunion,757.8,757.8,0,0,0,0,0
IT,ITC11,Torino,2182.095,0,0,0,949.553,443.783,780.371
IT,ITC12,Vercelli,176.78,0,0,0,45.904,7.472,0
IT,ITC13,Biella,188.192,0,0,0,9.791,22.1,0
IT,ITC14,Verbano-Cusio-Ossola,160.167,0,0,0,70.431,89.736,0
IT,ITC15,Novara,348.321,0,0,0,0,0,0
IT,ITC16,Cuneo,563.896,0,0,0,81.527,116.579,0
IT,ITC17,Asti,210.668,0,0,0,65.23,32.929,0
IT,ITC18,Alessandria,420.661,0,0,0,100.549,115.224,0
IT,ITC20,Valle d'Aosta/Vallée d'Aoste,121.475,0,0,0,41.213,18.625,37.867
IT,ITC31,Imperia,206.998,0,0,0,100.396,13.396,0
IT,ITC32,Savona,278.212,0,0,0,69.674,42.618,68.645
IT,ITC33,Genova,872.67,0,0,0,234.333,65.623,534.875
IT,ITC34,La Spezia,216.958,0,0,0,72.022,49.385,92.817
IT,ITC41,Varese,824.286,0,0,0,166.797,67.59,27.831
IT,ITC42,Como,547.601,0,0,0,43.227,1.152,0
IT,ITC43,Lecco,317.004,0,0,0,0,14.081,0
IT,ITC44,Sondrio,177.981,0,0,0,27.286,0,0
IT,ITC45,Milano,3748.6,0,0,0,168.016,47.999,87.034
IT,ITC46,Bergamo,995.367,0,0,0,34.263,51.93,0
IT,ITC47,Brescia,1138.01,0,0,0,44.582,123.216,0
IT,ITC48,Pavia,500.997,0,0,0,59.618,0.898,0
IT,ITC49,Lodi,203.502,0,0,0,0,0,0
IT,ITC4A,Cremona,340.767,0,0,0,0,0,0
IT,ITC4B,Mantova,383.615,0,0,0,111.507,0,0
IT,ITD10,Bolzano-Bozen,469.487,0,0,0,86.479,48.445,94.1
IT,ITD20,Trento,486.993,0,0,0,45.426,58.707,2.028
IT,ITD31,Verona,844.111,0,0,0,78.296,43.284,22.39
IT,ITD32,Vicenza,813.173,0,0,0,68.145,187.535,3.105
IT,ITD33,Belluno,210.998,0,0,0,155.543,0,0
IT,ITD34,Treviso,816.289,0,0,0,5.8,203.464,0
IT,ITD35,Venezia,817.944,0,0,0,133.209,136.635,297.464
IT,ITD36,Padova,864.426,0,0,0,111.121,86.226,6.913
IT,ITD37,Rovigo,243.219,0,0,0,199.098,0,43.707
IT,ITD41,Pordenone,292.312,0,0,0,33.387,2.967,0
IT,ITD42,Udine,523.639,0,0,0,104.335,80.186,26.239
IT,ITD43,Gorizia,138.935,0,0,0,67.15,10.848,33.347
IT,ITD44,Trieste,240.002,0,0,0,72.782,0,162.798
IT,ITD51,Piacenza,269.11,0,0,0,23.143,0,0
IT,ITD52,Parma,398.26,0,0,0,41.915,1.931,0
IT,ITD53,Reggio nell'Emilia,467.275,0,0,0,26.488,26.334,184.77
IT,ITD54,Modena,647.52,0,0,0,39.774,17.681,72.148
IT,ITD55,Bologna,930.811,0,0,0,32.323,3.491,0
IT,ITD56,Ferrara,345.693,0,0,0,139.677,0,111.472
IT,ITD57,Ravenna,353.294,0,0,0,41.766,0,0
IT,ITD58,Forlì-Cesena,364.525,0,0,0,40.999,4.413,0
IT,ITD59,Rimini,278.864,0,0,0,6.032,0,0
IT,ITE11,Massa-Carrara,198.105,0,0,0,170.809,0,26.445
IT,ITE12,Lucca,375.428,0,0,0,33.571,33.042,24.929
IT,ITE13,Pistoia,272.805,0,0,0,17.213,46.706,105.866
IT,ITE14,Firenze,946.917,0,0,0,26.211,177.863,27.832
IT,ITE15,Prato,232.3,0,0,0,0,232.3,0
IT,ITE16,Livorno,328.215,0,0,0,252.97,0,73.506
IT,ITE17,Pisa,388.806,0,0,0,20.361,271.907,96.537
IT,ITE18,Arezzo,328.148,0,0,0,0,78.891,136.604
IT,ITE19,Siena,256.546,0,0,0,133.184,14.153,0
IT,ITE1A,Grosseto,213.918,0,0,0,169.863,0,44.055
IT,ITE21,Perugia,617.852,0,0,0,282.31,75.951,259.591
IT,ITE22,Terni,223.265,0,0,0,163.689,0,58.743
IT,ITE31,Pesaro e Urbino,358.167,0,0,0,95.936,46.116,10.785
IT,ITE32,Ancona,454.893,0,0,0,63.917,114.147,25.716
IT,ITE33,Macerata,307.287,0,0,0,99.655,29.392,8.762
IT,ITE34,Ascoli Piceno,374.368,0,0,0,103.527,30.027,28.859
IT,ITE41,Viterbo,293.428,0,0,0,192.274,31.265,2.168
IT,ITE42,Rieti,150.165,0,0,0,37.392,19.243,44.883
IT,ITE43,Roma,3740.835,0,0,0,328.648,230.954,2688.157
IT,ITE44,Latina,504.776,0,0,0,240.671,42.138,122.32
IT,ITE45,Frosinone,486.273,0,0,0,302.453,153.827,29.992
IT,ITF11,L'Aquila,300.169,0,0,0,264.462,0,0
IT,ITF12,Teramo,291.339,0,0,0,75.49,0,0
IT,ITF13,Pescara,304.354,0,0,0,107.915,0,0
IT,ITF14,Chieti,383.728,0,0,0,167.935,0,0
IT,ITF21,Isernia,89.993,0,89.993,0,0,0,0
IT,ITF22,Campobasso,231.38,0,231.38,0,0,0,0
IT,ITF31,Caserta,861.738,861.738,0,0,0,0,0
IT,ITF32,Benevento,287.087,287.087,0,0,0,0,0
IT,ITF33,Napoli,3080.556,3080.556,0,0,0,0,0
IT,ITF34,Avellino,434.083,434.083,0,0,0,0,0
IT,ITF35,Salerno,1079.267,1079.267,0,0,0,0,0
IT,ITF41,Foggia,688.453,688.453,0,0,0,0,0
IT,ITF42,Bari,1567.907,1567.907,0,0,0,0,0
IT,ITF43,Taranto,579.542,579.542,0,0,0,0,0
IT,ITF44,Brindisi,400.772,400.772,0,0,0,0,0
IT,ITF45,Lecce,795.805,795.805,0,0,0,0,0
IT,ITF51,Potenza,392.734,392.734,0,0,0,0,0
IT,ITF52,Matera,204.177,204.177,0,0,0,0,0
IT,ITF61,Cosenza,733.609,733.609,0,0,0,0,0
IT,ITF62,Crotone,172.938,172.938,0,0,0,0,0
IT,ITF63,Catanzaro,368.913,368.913,0,0,0,0,0
IT,ITF64,Vibo Valentia,169.93,169.93,0,0,0,0,0
IT,ITF65,Reggio di Calabria,563.977,563.977,0,0,0,0,0
IT,ITG11,Trapani,427.22,427.22,0,0,0,0,0
IT,ITG12,Palermo,1237.686,1237.686,0,0,0,0,0
IT,ITG13,Messina,659.219,659.219,0,0,0,0,0
IT,ITG14,Agrigento,453.426,453.426,0,0,0,0,0
IT,ITG15,Caltanissetta,274.038,274.038,0,0,0,0,0
IT,ITG16,Enna,175.912,175.912,0,0,0,0,0
IT,ITG17,Catania,1062.736,1062.736,0,0,0,0,0
IT,ITG18,Ragusa,300.521,300.521,0,0,0,0,0
IT,ITG19,Siracusa,396.94,396.94,0,0,0,0,0
IT,ITG21,Sassari,458.929,458.929,0,0,0,0,0
IT,ITG22,Nuoro,264.245,264.245,0,0,0,0,0
IT,ITG23,Oristano,153.259,153.259,0,0,0,0,0
IT,ITG24,Cagliari,763.937,763.937,0,0,0,0,0
CY,CY000,Kypros / Kıbrıs,722.8,0,0,0,223.395,0,0
LV,LV003,Kurzeme,314.453,314.453,0,0,0,0,0
LV,LV005,Latgale,371.993,371.993,0,0,0,0,0
LV,LV006,Rīga,737.255,737.255,0,0,0,0,0
LV,LV007,Pierīga,361.093,361.093,0,0,0,0,0
LV,LV008,Vidzeme,249.941,249.941,0,0,0,0,0
LV,LV009,Zemgale,290.665,290.665,0,0,0,0,0
LT,LT001,Alytaus,185.563,185.563,0,0,0,0,0
LT,LT002,Kauno,693.753,693.753,0,0,0,0,0
LT,LT003,Klaipedos,383.575,383.575,0,0,0,0,0
LT,LT004,Marijampoles,187.161,187.161,0,0,0,0,0
LT,LT005,Panevežio,296.323,296.323,0,0,0,0,0
LT,LT006,Šiauliu,365.599,365.599,0,0,0,0,0
LT,LT007,Taurages,133.093,133.093,0,0,0,0,0
LT,LT008,Telšiu,178.628,178.628,0,0,0,0,0
LT,LT009,Utenos,182.111,182.111,0,0,0,0,0
LT,LT00A,Vilniaus,848.195,848.195,0,0,0,0,0
LU,LU000,Luxembourg (Grand-Duché),450,0,0,0,126.931,76.805,0
HU,HU101,Budapest,1712.326,1712.326,0,0,0,0,0
HU,HU102,Pest,1114.904,1114.904,0,0,0,0,0
HU,HU211,Fejér,428.494,428.494,0,0,0,0,0
HU,HU212,Komárom-Esztergom,315.701,315.701,0,0,0,0,0
HU,HU213,Veszprém,369.133,369.133,0,0,0,0,0
HU,HU221,Györ-Moson-Sopron,439.592,439.592,0,0,0,0,0
HU,HU222,Vas,266.886,266.886,0,0,0,0,0
HU,HU223,Zala,297.279,297.279,0,0,0,0,0
HU,HU231,Baranya,403.485,403.485,0,0,0,0,0
HU,HU232,Somogy,334.883,334.883,0,0,0,0,0
HU,HU233,Tolna,248.143,248.143,0,0,0,0,0
HU,HU311,Borsod-Abaúj-Zemplén,741.314,741.314,0,0,0,0,0
HU,HU312,Heves,324.399,324.399,0,0,0,0,0
HU,HU313,Nógrád,218.788,218.788,0,0,0,0,0
HU,HU321,Hajdú-Bihar,551.051,551.051,0,0,0,0,0
HU,HU322,Jász-Nagykun-Szolnok,414.661,414.661,0,0,0,0,0
HU,HU323,Szabolcs-Szatmár-Bereg,584.879,584.879,0,0,0,0,0
HU,HU331,Bács-Kiskun,542.85,542.85,0,0,0,0,0
HU,HU332,Békés,394.488,394.488,0,0,0,0,0
HU,HU333,Csongrád,426.301,426.301,0,0,0,0,0
MT,MT001,Malta,367.036,367.036,0,0,0,0,0
MT,MT002,Gozo and Comino/Ghawdex u Kemmuna,31.434,31.434,0,0,0,0,0
NL,NL111,Oost-Groningen,154.601,0,0,0,144.737,9.618,0
NL,NL112,Delfzijl en omgeving,52.431,0,0,0,29.795,22.636,0
NL,NL113,Overig Groningen,366.578,0,0,0,235.826,84.618,0
NL,NL121,Noord-Friesland,330.643,0,0,0,159.734,53.824,0
NL,NL122,Zuidwest-Friesland,104.896,0,0,0,60.878,43.701,0
NL,NL123,Zuidoost-Friesland,205.297,0,0,0,178.168,0,0
NL,NL131,Noord-Drenthe,183.936,0,0,0,94.756,0,0
NL,NL132,Zuidoost-Drenthe,170.766,0,0,0,137.943,17.452,15.035
NL,NL133,Zuidwest-Drenthe,127.065,0,0,0,89.816,36.521,0
NL,NL211,Noord-Overijssel,340.723,0,0,0,0,78.989,34.887
NL,NL212,Zuidwest-Overijssel,147.686,0,0,0,42.067,0,0
NL,NL213,Twente,614.531,0,0,0,124.344,251.69,164.234
NL,NL221,Veluwe,641.015,0,0,0,41.754,0,0
NL,NL222,Achterhoek,385.168,0,0,0,145.669,0,0
NL,NL223,Arnhem/Nijmegen,706.603,0,0,0,104.029,209.527,191.13
NL,NL224,Zuidwest-Gelderland,230.611,0,0,0,0,0,0
NL,NL230,Flevoland,355.742,0,355.742,0,0,0,0
NL,NL310,Utrecht,1157.074,0,0,0,108.463,0,0
NL,NL321,Kop van Noord-Holland,362.703,0,0,0,0,0,0
NL,NL322,Alkmaar en omgeving,224.603,0,0,0,0,0,0
NL,NL323,IJmond,187.704,0,0,0,0,0,0
NL,NL324,Agglomeratie Haarlem,217.558,0,0,0,0,0,0
NL,NL325,Zaanstreek,155.235,0,0,0,0,0,0
NL,NL326,Groot-Amsterdam,1189.642,0,0,0,125.142,0,0
NL,NL327,Het Gooi en Vechtstreek,242.384,0,0,0,0,0,0
NL,NL331,Agglomeratie Leiden en Bollenstreek,388.302,0,0,0,0,0,0
NL,NL332,Agglomeratie 's-Gravenhage,763.782,0,0,0,104.884,0,0
NL,NL333,Delft en Westland,210.54,0,0,0,0,0,0
NL,NL334,Oost-Zuid-Holland,322.547,0,0,0,0,0,0
NL,NL335,Groot-Rijnmond,1360.69,0,0,0,125.566,0,0
NL,NL336,Zuidoost-Zuid-Holland,399.613,0,0,0,0,0,0
NL,NL341,Zeeuwsch-Vlaanderen,108.047,0,0,0,0,63.807,0
NL,NL342,Overig Zeeland,270.589,0,0,0,0,0,0
NL,NL411,West-Noord-Brabant,603.824,0,0,0,0,0,0
NL,NL412,Midden-Noord-Brabant,449.038,0,0,0,0,0,12.255
NL,NL413,Noordoost-Noord-Brabant,626.521,0,0,0,204.881,0,0
NL,NL414,Zuidoost-Noord-Brabant,723.871,0,0,0,53.518,470.587,167.737
NL,NL421,Noord-Limburg,277.818,0,0,0,68.397,12.752,29.02
NL,NL422,Midden-Limburg,233.901,0,0,0,7.019,0,31.581
NL,NL423,Zuid-Limburg,628.733,0,0,0,47.96,380.176,0
AT,AT111,Mittelburgenland,37.51,37.51,0,0,0,0,0
AT,AT112,Nordburgenland,141.624,141.624,0,0,0,0,0
AT,AT113,Südburgenland,97.337,97.337,0,0,0,0,0
AT,AT121,Mostviertel-Eisenwurzen,237.847,0,0,0,91.254,123.642,6.869
AT,AT122,Niederösterreich-Süd,247.656,0,0,0,71.023,96.333,41.668
AT,AT123,Sankt Pölten,143.447,0,0,0,6.681,5.02,0
AT,AT124,Waldviertel,222.606,0,0,0,196.207,10.317,2.57
AT,AT125,Weinviertel,123.049,0,0,0,108.302,0,14.708
AT,AT126,Wiener Umland/Nordteil,281.026,0,0,0,24.51,0,0
AT,AT127,Wiener Umland/Südteil,297.044,0,0,0,0,0,0
AT,AT130,Wien,1590.554,0,0,0,59.913,0,0
AT,AT211,Klagenfurt-Villach,269.964,0,0,0,32.619,14.552,0
AT,AT212,Oberkärnten,131.346,0,0,0,92.578,38.768,0
AT,AT213,Unterkärnten,157.875,0,0,0,127.973,29.902,0
AT,AT221,Graz,368.18,0,0,0,0,0,0
AT,AT222,Liezen,81.716,0,0,0,48.557,33.136,0
AT,AT223,Östliche Obersteiermark,173.633,0,0,0,143.901,14.94,14.467
AT,AT224,Oststeiermark,268.303,0,0,0,200.784,65.829,0
AT,AT225,West- und Südsteiermark,190.591,0,0,0,169.848,20.743,0
AT,AT226,Westliche Obersteiermark,108.122,0,0,0,83.792,24.005,0
AT,AT311,Innviertel,273.087,0,0,0,108.819,124.724,10.933
AT,AT312,Linz-Wels,531.075,0,0,0,0,33.625,0
AT,AT313,Mühlviertel,202.621,0,0,0,157.368,19.612,0
AT,AT314,Steyr-Kirchdorf,152.56,0,0,0,41.112,73,18.946
AT,AT315,Traunviertel,226.996,0,0,0,0,53.615,0
AT,AT321,Lungau,21.268,0,0,0,21.243,0,0
AT,AT322,Pinzgau-Pongau,163.504,0,0,0,23.878,42.819,0
AT,AT323,Salzburg und Umgebung,336.726,0,0,0,0,8.876,0
AT,AT331,Außerfern,31.829,0,0,0,5.511,19.609,0
AT,AT332,Innsbruck,271.618,0,0,0,2.175,14.363,0
AT,AT333,Osttirol,50.343,0,0,0,40.323,0,10.02
AT,AT334,Tiroler Oberland,98.372,0,0,0,82.824,12.77,2.778
AT,AT335,Tiroler Unterland,231.713,0,0,0,0,19.19,0
AT,AT341,Bludenz-Bregenzer Wald,87.909,0,0,0,39.88,0,0
AT,AT342,Rheintal-Bodenseegebiet,268.704,0,0,0,14.292,77.042,0
PL,PL111,Łódzki,940.431,940.431,0,0,0,0,0
PL,PL112,Piotrkowsko-skierniewicki,879.219,879.219,0,0,0,0,0
PL,PL113,Miasto Łódź,781.936,781.936,0,0,0,0,0
PL,PL121,Ciechanowsko-płocki,629.932,629.932,0,0,0,0,0
PL,PL122,Ostrołęcko-siedlecki,754.958,754.958,0,0,0,0,0
PL,PL124,Radomski,735.816,735.816,0,0,0,0,0
PL,PL126,Warszawski,1321.669,1321.669,0,0,0,0,0
PL,PL127,Miasto Warszawa,1688.454,1688.454,0,0,0,0,0
PL,PL211,Krakowsko-tarnowski,1388.023,1388.023,0,0,0,0,0
PL,PL212,Nowosądecki,1098.822,1098.822,0,0,0,0,0
PL,PL213,Miasto Kraków,757.426,757.426,0,0,0,0,0
PL,PL224,Częstochowski,540.815,540.815,0,0,0,0,0
PL,PL225,Bielsko-bialski,643.948,643.948,0,0,0,0,0
PL,PL226,Centralny śląski,2893.11,2893.11,0,0,0,0,0
PL,PL227,Rybnicko-jastrzębski,644.202,644.202,0,0,0,0,0
PL,PL311,Bialskopodlaski,313.211,313.211,0,0,0,0,0
PL,PL312,Chełmsko-zamojski,664.151,664.151,0,0,0,0,0
PL,PL313,Lubelski,1216.171,1216.171,0,0,0,0,0
PL,PL321,Rzeszowsko-tarnobrzeski,1155.325,1155.325,0,0,0,0,0
PL,PL322,Krośnieńsko-przemyski,945.298,945.298,0,0,0,0,0
PL,PL330,Świętokrzyski,1293.418,1293.418,0,0,0,0,0
PL,PL341,Białostocko-suwalski,894.814,894.814,0,0,0,0,0
PL,PL342,Łomżyński,311.295,311.295,0,0,0,0,0
PL,PL411,Pilski,405.269,405.269,0,0,0,0,0
PL,PL412,Poznański,1139.673,1139.673,0,0,0,0,0
PL,PL413,Kaliski,800.665,800.665,0,0,0,0,0
PL,PL414,Koniński,435.68,435.68,0,0,0,0,0
PL,PL415,Miasto Poznań,575.477,575.477,0,0,0,0,0
PL,PL421,Szczeciński,1102.784,1102.784,0,0,0,0,0
PL,PL422,Koszaliński,593.687,593.687,0,0,0,0,0
PL,PL431,Gorzowski,380.428,380.428,0,0,0,0,0
PL,PL432,Zielonogórski,627.812,627.812,0,0,0,0,0
PL,PL511,Jeleniogórsko-wałbrzyski,1329.51,1329.51,0,0,0,0,0
PL,PL512,Legnicki,499.371,499.371,0,0,0,0,0
PL,PL513,Wrocławski,433.707,433.707,0,0,0,0,0
PL,PL514,Miasto Wrocław,638.189,638.189,0,0,0,0,0
PL,PL520,Opolski,1058.073,1058.073,0,0,0,0,0
PL,PL611,Bydgoski,1013.812,1013.812,0,0,0,0,0
PL,PL612,Toruńsko-włocławski,1054.325,1054.325,0,0,0,0,0
PL,PL621,Elbląski,533.138,533.138,0,0,0,0,0
PL,PL622,Olsztyński,611.137,611.137,0,0,0,0,0
PL,PL623,Ełcki,284.034,284.034,0,0,0,0,0
PL,PL631,Slupski,477.416,477.416,0,0,0,0,0
PL,PL632,Gdański,952.453,952.453,0,0,0,0,0
PL,PL633,Gdańsk-Gdynia-Sopot,755.861,755.861,0,0,0,0,0
PT,PT111,Minho-Lima,250.444,250.444,0,0,0,0,0
PT,PT112,Cávado,399.218,399.218,0,0,0,0,0
PT,PT113,Ave,514.451,514.451,0,0,0,0,0
PT,PT114,Grande Porto,1264.358,1264.358,0,0,0,0,0
PT,PT115,Tâmega,553.91,553.91,0,0,0,0,0
PT,PT116,Entre Douro e Vouga,280.417,280.417,0,0,0,0,0
PT,PT117,Douro,218.287,218.287,0,0,0,0,0
PT,PT118,Alto Trás-os-Montes,220.777,220.777,0,0,0,0,0
PT,PT150,Algarve,401.875,401.875,0,0,0,0,0
PT,PT161,Baixo Vouga,389.941,389.941,0,0,0,0,0
PT,PT162,Baixo Mondego,337.001,337.001,0,0,0,0,0
PT,PT163,Pinhal Litoral,255.753,255.753,0,0,0,0,0
PT,PT164,Pinhal Interior Norte,137.661,137.661,0,0,0,0,0
PT,PT165,Dâo-Lafôes,287.621,287.621,0,0,0,0,0
PT,PT166,Pinhal Interior Sul,43.307,43.307,0,0,0,0,0
PT,PT167,Serra da Estrela,49.021,49.021,0,0,0,0,0
PT,PT168,Beira Interior Norte,113.454,113.454,0,0,0,0,0
PT,PT169,Beira Interior Sul,76.495,76.495,0,0,0,0,0
PT,PT16A,Cova da Beira,92.611,92.611,0,0,0,0,0
PT,PT16B,Oeste,348.674,0,348.674,0,0,0,0
PT,PT16C,Médio Tejo,229.084,0,229.084,0,0,0,0
PT,PT171,Grande Lisboa,1985.858,0,1985.858,0,0,0,0
PT,PT172,Península de Setúbal,741.569,0,741.569,0,0,0,0
PT,PT181,Alentejo Litoral,97.899,97.899,0,0,0,0,0
PT,PT182,Alto Alentejo,122.838,122.838,0,0,0,0,0
PT,PT183,Alentejo Central,170.948,170.948,0,0,0,0,0
PT,PT184,Baixo Alentejo,131.296,131.296,0,0,0,0,0
PT,PT185,Leziria do Tejo,244.786,0,244.786,0,0,0,0
PT,PT200,Região Autónoma dos Açores,239.396,239.396,0,0,0,0,0
PT,PT300,Região Autónoma da Madeira,242.132,242.132,0,0,0,0,0
SI,SI001,Pomurska,123.346,123.346,0,0,0,0,0
SI,SI002,Podravska,319.703,319.703,0,0,0,0,0
SI,SI003,Koroška,73.901,73.901,0,0,0,0,0
SI,SI004,Savinjska,256.959,256.959,0,0,0,0,0
SI,SI005,Zasavska,45.854,45.854,0,0,0,0,0
SI,SI006,Spodnjeposavska,69.994,69.994,0,0,0,0,0
SI,SI009,Gorenjska,197.795,197.795,0,0,0,0,0
SI,SI00A,Notranjsko-kraška,50.858,50.858,0,0,0,0,0
SI,SI00B,Goriška,119.873,119.873,0,0,0,0,0
SI,SI00C,Obalno-kraška,104.813,104.813,0,0,0,0,0
SI,SI00D,Jugovzhodna Slovenija,138.784,138.784,0,0,0,0,0
SI,SI00E,Osrednjeslovenska,494.402,494.402,0,0,0,0,0
SK,SK010,Bratislavský kraj,599.762,0,0,0,172.805,0,0
SK,SK021,Trnavský kraj,551.463,551.463,0,0,0,0,0
SK,SK022,Trencianský kraj,602.83,602.83,0,0,0,0,0
SK,SK023,Nitrianský kraj,710.377,710.377,0,0,0,0,0
SK,SK031,Zilinský kraj,693.27,693.27,0,0,0,0,0
SK,SK032,Banskobystrický kraj,659.532,659.532,0,0,0,0,0
SK,SK041,Prešovský kraj,793.998,793.998,0,0,0,0,0
SK,SK042,Košický kraj,768.377,768.377,0,0,0,0,0
FI,FI131,Etelä-Savo,162.786,162.786,0,0,0,0,0
FI,FI132,Pohjois-Savo,251.665,251.665,0,0,0,0,0
FI,FI133,Pohjois-Karjala,169.426,169.426,0,0,0,0,0
FI,FI134,Kainuu,86.972,86.972,0,0,0,0,0
FI,FI181,Uusimaa,1333.588,0,0,0,2.737,9.123,0
FI,FI182,Itä-Uusimaa,91.312,0,0,0,3.018,16.998,4.747
FI,FI183,Varsinais-Suomi,451.705,0,0,0,102.345,66.984,1.091
FI,FI184,Kanta-Häme,166.267,0,0,0,166.267,0,0
FI,FI185,Päijät-Häme,198.26,0,0,0,197.702,0,0
FI,FI186,Kymenlaakso,185.887,0,0,0,86.792,28.628,0
FI,FI187,Etelä-Karjala,136.498,0,0,0,135.326,0,0
FI,FI191,Satakunta,235.096,0,0,0,201.157,30.971,0
FI,FI192,Pirkanmaa,455.647,0,0,0,113.757,71.257,0
FI,FI193,Keski-Suomi,265.579,41.726,0,0,228.081,0,0
FI,FI194,Etelä-Pohjanmaa,194.029,0,0,0,105.373,86.14,0
FI,FI195,Pohjanmaa,173.059,0,0,0,5.709,87.159,23.874
FI,FI1A1,Keski-Pohjanmaa,70.629,19.525,0,0,51.193,0,0
FI,FI1A2,Pohjois-Pohjanmaa,370.952,110.568,0,0,162.495,61.575,0
FI,FI1A3,Lappi,187.346,187.346,0,0,0,0,0
FI,FI200,Åland,26.302,0,0,0,15.751,0,0
SE,SE010,Stockholms län,1855.623,0,0,0,0,0,0
SE,SE021,Uppsala län,299.567,0,0,0,0.882,0,0
SE,SE022,Södermanlands län,259.686,0,0,0,0.049,0,0
SE,SE023,Östergötlands län,414.157,0,0,0,24.027,10.209,0
SE,SE024,Örebro län,273.667,0,0,0,91.637,0,6.037
SE,SE025,Västmanlands län,259.516,0,0,0,136.141,0,0
SE,SE041,Blekinge län,149.878,0,0,0,0.703,14.303,75.343
SE,SE044,Skåne län,1148.865,0,0,0,0.365,0,0
SE,SE061,Värmlands län,273.484,14.495,0,0,132.54,0,0
SE,SE062,Dalarnas län,276.571,35.401,0,0,237.356,0,0
SE,SE063,Gävleborgs län,276.932,20.105,0,0,219.465,0,0
SE,SE071,Västernorrlands län,244.206,45.83,0,198.376,0,0,0
SE,SE072,Jämtlands län,127.793,127.793,0,0,0,0,0
SE,SE081,Västerbottens län,255.586,65.174,0,190.412,0,0,0
SE,SE082,Norrbottens län,253.247,124.091,0,129.156,0,0,0
SE,SE091,Jönköpings län,328.307,0,0,0,86.736,0,24.044
SE,SE092,Kronobergs län,177.208,0,0,0,14.261,13.502,4.015
SE,SE093,Kalmar län,234.751,0,0,0,82.201,0,16.341
SE,SE094,Gotlands län,57.457,0,0,0,57.103,0,0
SE,SE0A1,Hallands län,279.93,0,0,0,0.004,0,0
SE,SE0A2,Västra Götalands län,1511.572,0,0,0,107.407,151.547,55.004
UK,UKC11,Hartlepool and Stockton-on-Tees,276.118,0,0,0,276.118,0,0
UK,UKC12,South Teesside,278.014,0,0,0,262.105,0,0
UK,UKC13,Darlington,98.237,0,0,0,59.059,39.163,0
UK,UKC14,Durham CC,494.443,0,0,0,338.863,155.3,0
UK,UKC21,Northumberland,309.267,0,0,0,246.991,45.131,3.088
UK,UKC22,Tyneside,800.75,0,0,0,737.497,63.235,0
UK,UKC23,Sunderland,282.993,0,0,0,272.896,10.036,0
UK,UKD11,West Cumbria,234.779,0,0,0,178.649,56.13,0
UK,UKD12,East Cumbria,255.652,0,0,0,71.048,25.795,0
UK,UKD21,Halton and Warrington,311.418,0,0,0,107.499,15.211,0
UK,UKD22,Cheshire CC,678.002,0,0,0,35.829,65.057,0
UK,UKD31,Greater Manchester South,1356.523,0,0,0,848.619,96.18,0
UK,UKD32,Greater Manchester North,1173.706,0,0,0,502.847,670.859,0
UK,UKD41,Blackburn with Darwen,139.747,0,0,0,94.066,45.681,0
UK,UKD42,Blackpool,142.389,0,0,0,70.307,0,0
UK,UKD43,Lancashire CC,1146.487,0,0,0,223.69,321.851,12
UK,UKD51,East Merseyside,326.897,326.897,0,0,0,0,0
UK,UKD52,Liverpool,442.344,442.344,0,0,0,0,0
UK,UKD53,Sefton,281.615,281.615,0,0,0,0,0
UK,UKD54,Wirral,313.686,313.686,0,0,0,0,0
UK,UKE11,"Kingston upon Hull, City of",248.153,0,0,0,248.153,0,0
UK,UKE12,East Riding of Yorkshire,321.292,0,0,0,45.378,134.191,1.455
UK,UKE13,North and North East Lincolnshire,312.48,0,0,0,149.063,162.418,0
UK,UKE21,York,183.256,0,0,0,0,0,0
UK,UKE22,North Yorkshire CC,576.277,0,0,0,228.616,11.945,31.87
UK,UKE31,"Barnsley, Doncaster and Rotherham",759.513,759.513,0,0,0,0,0
UK,UKE32,Sheffield,513.349,513.349,0,0,0,0,0
UK,UKE41,Bradford,477.571,0,0,0,233.747,0,0
UK,UKE42,Leeds,716.457,0,0,0,122.317,0,0
UK,UKE43,"Calderdale, Kirklees and Wakefield",903.057,0,0,0,507.982,104.647,17.486
UK,UKF11,Derby,233.041,0,0,0,55.144,0,0
UK,UKF12,East Derbyshire,269.654,0,0,0,123.666,102.744,0
UK,UKF13,South and West Derbyshire,472.804,0,0,0,19.73,19.25,5.197
UK,UKF14,Nottingham,273.423,0,0,0,260.426,12.964,0
UK,UKF15,North Nottinghamshire,429.081,0,0,0,190.623,59.096,0
UK,UKF16,South Nottinghamshire,326.394,0,0,0,13.072,0,0
UK,UKF21,Leicester,284.042,0,0,0,105.889,0,0
UK,UKF22,Leicestershire CC and Rutland,654.949,0,0,0,0,0,0
UK,UKF23,Northamptonshire,642.351,0,0,0,0,0,0
UK,UKF30,Lincolnshire,665.015,0,0,0,351.241,73.933,0
UK,UKG11,"Herefordshire, County of",176.826,0,0,0,139.379,0,0
UK,UKG12,Worcestershire,548.945,0,0,0,21.178,0,0
UK,UKG13,Warwickshire,519.205,0,0,0,62.022,62.341,6.221
UK,UKG21,Telford and Wrekin,160.354,0,0,0,0,55.695,5.549
UK,UKG22,Shropshire CC,286.635,0,0,0,85.442,43.85,17.609
UK,UKG23,Stoke-on-Trent,238.2,0,0,0,161.515,0,0
UK,UKG24,Staffordshire CC,810.614,0,0,0,109.66,265.178,9.881
UK,UKG31,Birmingham,991.367,0,0,0,849.937,141.392,0
UK,UKG32,Solihull,200.219,0,0,0,42.715,69.695,0
UK,UKG33,Coventry,304.482,0,0,0,192.425,112.057,0
UK,UKG34,Dudley and Sandwell,589.832,0,0,0,344.296,245.463,0
UK,UKG35,Walsall and Wolverhampton,491.486,0,0,0,396.582,83.187,0
UK,UKH11,Peterborough,158.549,0,0,0,0,0,0
UK,UKH12,Cambridgeshire CC,570.028,0,0,0,0,69.379,0
UK,UKH13,Norfolk,810.036,0,0,0,178.166,49.175,0
UK,UKH14,Suffolk,677.697,0,0,0,83.176,34.274,2.002
UK,UKH21,Luton,184.903,0,0,0,144.153,0,0
UK,UKH22,Bedfordshire CC,388.417,0,0,0,0,0,0
UK,UKH23,Hertfordshire,1039.827,0,0,0,0,0,0
UK,UKH31,Southend-on-Sea,160.093,0,0,0,64.855,0,0
UK,UKH32,Thurrock,145.149,0,0,0,0,0,0
UK,UKH33,Essex CC,1323.831,0,0,0,0,0,0
UK,UKI11,Inner London - West,1065.628,0,0,0,20.545,0,0
UK,UKI12,Inner London - East,1841.662,0,0,0,621.847,20.879,0
UK,UKI21,Outer London - East and North East,1579.358,0,0,0,215.93,19.811,8.921
UK,UKI22,Outer London - South,1156.369,0,0,0,0,0,0
UK,UKI23,Outer London - West and North West,1749.198,0,0,0,42.194,0,0
UK,UKJ11,Berkshire,803.559,0,0,0,0,0,0
UK,UKJ12,Milton Keynes,215.524,0,0,0,0,0,0
UK,UKJ13,Buckinghamshire CC,477.992,0,0,0,0,0,0
UK,UKJ14,Oxfordshire,614.824,0,0,0,0,0,0
UK,UKJ21,Brighton and Hove,251.205,0,0,0,0,0,0
UK,UKJ22,East Sussex CC,495.702,0,0,0,34.627,0,0
UK,UKJ23,Surrey,1064.143,0,0,0,0,0,0
UK,UKJ24,West Sussex,758.632,0,0,0,0,0,0
UK,UKJ31,Portsmouth,188.53,0,0,0,0,0,0
UK,UKJ32,Southampton,220.873,0,0,0,0,0,0
UK,UKJ33,Hampshire CC,1249.722,0,0,0,0,0,0
UK,UKJ34,Isle of Wight,136.32,0,0,0,0,0,0
UK,UKJ41,Medway,250.868,0,0,0,0,0,0
UK,UKJ42,Kent CC,1348.797,0,0,0,56.187,77.362,0
UK,UKK11,"Bristol, City of",391.564,0,0,0,61.341,0,0
UK,UKK12,"North and North East Somerset, South",609.045,0,0,0,0,0,0
UK,UKK13,Gloucestershire,568.753,0,0,0,0,0,0
UK,UKK14,Swindon,181.213,0,0,0,0,0,0
UK,UKK15,Wiltshire CC,440.518,0,0,0,0,0,0
UK,UKK21,Bournemouth and Poole,301.059,0,0,0,0,0,0
UK,UKK22,Dorset CC,397.662,0,0,0,0,0,0
UK,UKK23,Somerset,507.469,0,0,0,9.777,19.378,1.21
UK,UKK30,Cornwall and Isles of Scilly,513.025,513.025,0,0,0,0,0
UK,UKK41,Plymouth,242.132,0,0,0,163.851,64.847,0
UK,UKK42,Torbay,131.346,0,0,0,53.432,12.575,11.302
UK,UKK43,Devon CC,716.053,0,0,0,306.113,0,12.09
UK,UKL11,Isle of Anglesey,68.352,68.352,0,0,0,0,0
UK,UKL12,Gwynedd,117.537,117.537,0,0,0,0,0
UK,UKL13,Conwy and Denbighshire,205.756,205.756,0,0,0,0,0
UK,UKL14,South West Wales,369.272,369.272,0,0,0,0,0
UK,UKL15,Central Valleys,286.978,286.978,0,0,0,0,0
UK,UKL16,Gwent Valleys,329.878,329.878,0,0,0,0,0
UK,UKL17,Bridgend and Neath Port Talbot,265.025,265.025,0,0,0,0,0
UK,UKL18,Swansea,224.645,224.645,0,0,0,0,0
UK,UKL21,Monmouthshire and Newport,225.354,0,0,0,52.307,150.015,7.908
UK,UKL22,Cardiff and Vale of Glamorgan,436.125,0,0,0,118.067,111.271,51.874
UK,UKL23,Flintshire and Wrexham,279.084,0,0,0,0.937,6.104,0
UK,UKL24,Powys,129.226,0,0,0,105.749,21.444,2.033
UK,UKM10,"Aberdeen City, Aberdeenshire and North East Moray",501.129,0,0,0,0,0,0
UK,UKM21,Angus and Dundee City,250.928,0,0,0,110.299,88.234,17.764
UK,UKM22,Clackmannanshire and Fife,400.129,0,0,0,238.515,96.107,10.686
UK,UKM23,East Lothian and Midlothian,170.968,0,0,0,31.766,90.326,12.325
UK,UKM24,"Scottish Borders, The",108.281,0,0,0,92.229,16.052,0
UK,UKM25,"Edinburgh, City of",449.511,0,0,0,0,11.153,14.259
UK,UKM26,Falkirk,146.179,0,0,0,37.329,108.85,0
UK,UKM27,Perth and Kinross and Stirling,222.425,0,0,0,3.756,64.527,56.374
UK,UKM28,West Lothian,161.17,0,0,0,45.003,116.134,0
UK,UKM31,"East and West Dunbartonshire, Helensburgh and Lomond",226.766,0,0,0,94.578,132.088,0
UK,UKM32,Dumfries and Galloway,147.378,0,0,0,143.056,0,0
UK,UKM33,East Ayrshire and North Ayrshire Mainland,248.854,0,0,0,230.682,15.353,0
UK,UKM34,Glasgow City,577.157,0,0,0,358.925,218.232,0
UK,UKM35,"Inverclyde, East Renfrewshire and Renfrewshire",343.725,0,0,0,126.385,217.34,0
UK,UKM36,North Lanarkshire,321.865,0,0,0,267.597,54.268,0
UK,UKM37,South Ayrshire,111.642,0,0,0,29.236,82.406,0
UK,UKM38,South Lanarkshire,303.31,0,0,0,77.505,215.911,9.895
UK,UKM41,Caithness and Sutherland and Ross and Cromarty,89.017,0,89.017,0,0,0,0
UK,UKM42,"Inverness and Nairn and Moray, Badenoch and Strathspey",111.731,0,111.731,0,0,0,0
UK,UKM43,"Lochaber, Skye and Lochalsh and Argyll and the Islands",101.198,0,101.198,0,0,0,0
UK,UKM44,Eilean Siar (Western Isles),26.159,0,26.159,0,0,0,0
UK,UKM45,Orkney Islands,19.328,0,19.328,0,0,0,0
UK,UKM46,Shetland Islands,21.9,0,21.9,0,0,0,0
UK,UKN01,Belfast,271.504,0,271.504,0,0,0,0
UK,UKN02,Outer Belfast,371.58,0,371.58,0,0,0,0
UK,UKN03,East of Northern Ireland,404.828,0,404.828,0,0,0,0
UK,UKN04,North of Northern Ireland,278.917,0,278.917,0,0,0,0
UK,UKN05,West and South of Northern Ireland,375.804,0,375.804,0,0,0,0
